mtllib NODGA7BB7QGM8WII5GZU54ZQQ.mtl
v -0.385242 1.182272 0.151619
v -0.057727 1.250000 -0.090283
v -0.290426 1.192644 0.245770
v -0.057727 1.250000 -0.090283
v -0.170056 1.201892 0.303973
v -0.057727 1.250000 -0.090283
v -0.037176 1.209013 0.319922
v -0.057727 1.250000 -0.090283
v 0.093814 1.213237 0.291888
v -0.057727 1.250000 -0.090283
v 0.208719 1.214105 0.222908
v -0.057727 1.250000 -0.090283
v 0.295087 1.211525 0.120459
v -0.057727 1.250000 -0.090283
v 0.343560 1.205774 -0.004359
v -0.057727 1.250000 -0.090283
v 0.348885 1.197475 -0.138018
v -0.057727 1.250000 -0.090283
v 0.310483 1.187529 -0.266036
v -0.057727 1.250000 -0.090283
v 0.232518 1.177014 -0.374539
v -0.057727 1.250000 -0.090283
v 0.123437 1.167068 -0.451769
v -0.057727 1.250000 -0.090283
v -0.004939 1.158771 -0.489358
v -0.057727 1.250000 -0.090283
v -0.138698 1.153020 -0.483231
v -0.057727 1.250000 -0.090283
v -0.263346 1.150438 -0.434053
v -0.057727 1.250000 -0.090283
v -0.365374 1.151306 -0.347153
v -0.057727 1.250000 -0.090283
v -0.433727 1.155530 -0.231948
v -0.057727 1.250000 -0.090283
v -0.460997 1.162653 -0.100923
v -0.057727 1.250000 -0.090283
v -0.444230 1.171901 0.031725
v -0.057727 1.250000 -0.090283
v -0.385242 1.182272 0.151619
v -0.671045 0.986426 0.375965
v -0.385242 1.182272 0.151619
v -0.491687 1.006046 0.554063
v -0.263991 1.023540 0.664163
v -0.012632 1.037012 0.694332
v 0.235153 1.045001 0.641301
v 0.615890 1.041762 0.317021
v 0.452512 1.046645 0.510818
v 0.707582 1.030882 0.080912
v 0.717654 1.015186 -0.171923
v 0.497530 0.976480 -0.619334
v 0.645013 0.996371 -0.414086
v 0.291189 0.957668 -0.765425
v 0.048349 0.941971 -0.836530
v -0.204675 0.931091 -0.824939
v -0.440462 0.926208 -0.731914
v -0.633463 0.927850 -0.567531
v -0.814346 0.949312 -0.101753
v -0.762761 0.935840 -0.349606
v -0.782628 0.966806 0.149168
v -0.671045 0.986426 0.375965
v -0.884164 0.683685 0.558443
v -0.329354 0.734270 0.951254
v -0.639702 0.710427 0.801190
v 0.013247 0.752633 0.992374
v 0.647233 0.765762 0.742245
v 0.350975 0.763523 0.920094
v 0.869916 0.759106 0.478103
v 1.008620 0.722884 -0.188324
v 0.994893 0.744278 0.156288
v 0.909610 0.697241 -0.518389
v 0.427351 0.644487 -0.997261
v 0.708593 0.670129 -0.798140
v -0.248506 0.608264 -1.078380
v 0.096363 0.623093 -1.094176
v -0.569882 0.601608 -0.951585
v -0.832941 0.603848 -0.727534
v -1.009172 0.614738 -0.430503
v -1.036252 0.656944 0.249321
v -1.079483 0.633100 -0.092682
v -0.884164 0.683685 0.558443
v -0.718430 0.337822 0.960368
v -1.001506 0.306857 0.679279
v 0.037655 0.386695 1.181750
v -0.359061 0.365432 1.134137
v 0.771782 0.401898 0.892114
v 0.428729 0.399306 1.098055
v 1.174355 0.377021 0.213602
v 1.029639 0.394191 0.586248
v 1.075603 0.322554 -0.567643
v 1.190251 0.352246 -0.185443
v 0.842834 0.291160 -0.891582
v 0.517169 0.261467 -1.122156
v -0.265443 0.219522 -1.216086
v 0.133899 0.236693 -1.234378
v -0.637582 0.211816 -1.069264
v -0.942191 0.214408 -0.809822
v -1.146260 0.227019 -0.465875
v -1.227676 0.248281 -0.074694
v -1.001506 0.306857 0.679279
v -1.177615 0.275891 0.321330
v -1.010353 -0.103225 0.725378
v -0.719338 -0.071391 1.014351
v 0.057948 -0.021148 1.241942
v -0.349892 -0.043006 1.192990
v 0.459989 -0.008183 1.155896
v 0.812662 -0.005518 0.944182
v 1.226524 -0.031093 0.246643
v 1.077748 -0.013441 0.629739
v 1.125002 -0.087087 -0.556510
v 1.242865 -0.056562 -0.163592
v 0.885706 -0.119361 -0.889534
v 0.550909 -0.149887 -1.126573
v 0.156891 -0.175356 -1.241942
v -0.636224 -0.200931 -1.072198
v -0.253649 -0.193008 -1.223137
v -0.949374 -0.198265 -0.805481
v -1.159166 -0.185301 -0.451888
v -1.191402 -0.135058 0.357391
v -1.242865 -0.163442 -0.049738
v -1.010353 -0.103225 0.725378
v -0.642331 -0.472867 0.957286
v -0.909749 -0.502119 0.691745
v -0.302843 -0.446784 1.121440
v 0.071927 -0.426698 1.166422
v 0.765442 -0.412336 0.892807
v 0.441367 -0.414785 1.087354
v 1.009033 -0.419616 0.603861
v 1.160762 -0.459241 -0.125140
v 1.145746 -0.435838 0.251830
v 0.832564 -0.516948 -0.792216
v 1.052455 -0.487291 -0.486197
v 0.524915 -0.544998 -1.010034
v 0.162847 -0.568402 -1.116048
v -0.565955 -0.591903 -0.960069
v -0.214403 -0.584623 -1.098769
v -0.853712 -0.589454 -0.714980
v -1.046494 -0.577541 -0.390059
v -1.076115 -0.531372 0.353598
v -1.123405 -0.557455 -0.020518
v -0.909749 -0.502119 0.691745
v -0.710592 -0.846603 0.582025
v -0.495751 -0.823102 0.795358
v 0.078077 -0.786009 0.963376
v -0.223010 -0.802147 0.927238
v 0.635240 -0.774472 0.743556
v 0.374881 -0.776439 0.899854
v 0.940773 -0.793352 0.228601
v 0.830939 -0.780321 0.511420
v 0.952837 -0.812154 -0.074253
v 0.865825 -0.834689 -0.364323
v 0.442003 -0.881050 -0.785168
v 0.689165 -0.858516 -0.610175
v -0.151958 -0.912885 -0.856458
v 0.151121 -0.899854 -0.870338
v -0.434392 -0.918733 -0.745027
v -0.665574 -0.916766 -0.548125
v -0.882243 -0.891058 0.009799
v -0.820451 -0.907196 -0.287086
v -0.844250 -0.870103 0.310361
v -0.295484 -1.084140 0.546114
v -0.434467 -1.099342 0.408107
v -0.119045 -1.070584 0.631429
v 0.075731 -1.060144 0.654807
v 0.267737 -1.053954 0.613714
v 0.562766 -1.056464 0.362432
v 0.436166 -1.052681 0.512603
v 0.633817 -1.064894 0.179474
v 0.585333 -1.091637 -0.204095
v 0.641621 -1.077058 -0.016445
v 0.311158 -1.121628 -0.476344
v 0.471050 -1.107050 -0.363139
v -0.073081 -1.142221 -0.522462
v 0.122984 -1.133791 -0.531441
v -0.255790 -1.146005 -0.450376
v -0.405344 -1.144733 -0.322998
v -0.545509 -1.128102 0.037929
v -0.505537 -1.138541 -0.154130
v -0.520931 -1.114546 0.232365
v -0.434467 -1.099342 0.408107
v 0.057086 -1.250000 0.069499
v 0.057086 -1.250000 0.069499
v 0.057086 -1.250000 0.069499
v 0.057086 -1.250000 0.069499
v 0.057086 -1.250000 0.069499
v 0.057086 -1.250000 0.069499
v 0.057086 -1.250000 0.069499
v 0.057086 -1.250000 0.069499
v 0.057086 -1.250000 0.069499
v 0.057086 -1.250000 0.069499
v 0.057086 -1.250000 0.069499
v 0.057086 -1.250000 0.069499
v 0.057086 -1.250000 0.069499
v 0.057086 -1.250000 0.069499
v 0.057086 -1.250000 0.069499
v 0.057086 -1.250000 0.069499
v 0.057086 -1.250000 0.069499
v 0.057086 -1.250000 0.069499
v 0.057086 -1.250000 0.069499
v -0.710592 -0.846603 0.582025
v 0.302711 1.098080 0.213840
v -0.000320 1.160986 -0.010392
v 0.359100 1.098080 0.103296
v -0.000320 1.160986 -0.010392
v 0.376540 1.098080 -0.019567
v -0.000320 1.160986 -0.010392
v 0.353141 1.098080 -0.141437
v -0.000320 1.160986 -0.010392
v 0.291439 1.098080 -0.249105
v -0.000320 1.160986 -0.010392
v 0.198121 1.098080 -0.330905
v -0.000320 1.160986 -0.010392
v 0.083299 1.098080 -0.377973
v -0.000320 1.160986 -0.010392
v -0.040585 1.098080 -0.385207
v -0.000320 1.160986 -0.010392
v -0.160106 1.098080 -0.351824
v -0.000320 1.160986 -0.010392
v -0.262312 1.098080 -0.281442
v -0.000320 1.160986 -0.010392
v -0.336126 1.098080 -0.181687
v -0.000320 1.160986 -0.010392
v -0.373551 1.098080 -0.063370
v -0.000320 1.160986 -0.010392
v -0.370530 1.098080 0.060688
v -0.000320 1.160986 -0.010392
v -0.327391 1.098080 0.177044
v -0.000320 1.160986 -0.010392
v -0.248809 1.098080 0.273088
v -0.000320 1.160986 -0.010392
v -0.143300 1.098080 0.338413
v -0.000320 1.160986 -0.010392
v -0.022296 1.098080 0.365939
v -0.000320 1.160986 -0.010392
v 0.101089 1.098080 0.352684
v -0.000320 1.160986 -0.010392
v 0.213485 1.098080 0.300084
v -0.000320 1.160986 -0.010392
v 0.302711 1.098080 0.213840
v 0.572904 0.916182 0.413772
v 0.712561 0.916182 -0.027749
v 0.679572 0.916182 0.204664
v 0.668300 0.916182 -0.258280
v 0.551582 0.916182 -0.461949
v 0.375058 0.916182 -0.616686
v -0.076487 0.916182 -0.719405
v 0.157856 0.916182 -0.705720
v -0.495912 0.916182 -0.523120
v -0.302576 0.916182 -0.656258
v -0.635542 0.916182 -0.334421
v -0.700622 0.916182 0.124066
v -0.706336 0.916182 -0.110608
v -0.619019 0.916182 0.344168
v -0.470371 0.916182 0.525848
v -0.270786 0.916182 0.649419
v 0.191509 0.916182 0.676414
v -0.041891 0.916182 0.701488
v 0.572904 0.916182 0.413772
v 0.404121 0.916182 0.576915
v 0.780979 0.634999 0.567740
v 0.971331 0.634999 -0.034049
v 0.926366 0.635000 0.282727
v 0.911002 0.634999 -0.348262
v 0.751918 0.634999 -0.625862
v 0.215273 0.634999 -0.958118
v 0.511317 0.634999 -0.836765
v -0.104135 0.634999 -0.976770
v -0.675807 0.634999 -0.709236
v -0.412293 0.634999 -0.890701
v -0.866122 0.634999 -0.452040
v -0.954826 0.634999 0.172873
v -0.962614 0.634999 -0.146985
v -0.843601 0.634999 0.472870
v -0.368962 0.634999 0.888923
v -0.640996 0.634999 0.720499
v 0.261142 0.634999 0.925720
v -0.056980 0.634999 0.959895
v 0.780979 0.634999 0.567740
v 0.550930 0.634999 0.790101
v 1.072739 0.285005 0.329027
v 0.904389 0.285005 0.659058
v 1.054949 0.285005 -0.401630
v 1.124807 0.285005 -0.037786
v 0.870737 0.285005 -0.723078
v 0.592133 0.285005 -0.967295
v 0.249326 0.285005 -1.107816
v -0.120533 0.285005 -1.129415
v -0.477366 0.285005 -1.029749
v -0.782504 0.285005 -0.819621
v -1.002879 0.285005 -0.521800
v -1.105593 0.285005 0.201820
v -1.114611 0.285005 -0.168560
v -0.976801 0.285005 0.549203
v -0.742193 0.285005 0.835946
v -0.065930 0.285005 1.113154
v -0.427190 0.285005 1.030975
v 0.302440 0.285005 1.073581
v 0.638002 0.285005 0.916542
v 0.929760 -0.095874 0.677831
v 1.102831 -0.095874 0.338545
v 1.156358 -0.095874 -0.038554
v 0.895164 -0.095874 -0.743063
v 1.084542 -0.095874 -0.412601
v 0.608746 -0.095874 -0.994127
v 0.256327 -0.095874 -1.138590
v -0.490743 -0.095874 -1.058335
v -0.123904 -0.095874 -1.160794
v -0.804438 -0.095874 -0.842314
v -1.030993 -0.095874 -0.536141
v -1.136588 -0.095874 0.207771
v -1.145858 -0.095874 -0.172996
v -1.004185 -0.095874 0.564895
v -0.762997 -0.095874 0.859678
v -0.439160 -0.095874 1.060177
v -0.067770 -0.095874 1.144662
v 0.310931 -0.095874 1.103978
v 0.904389 0.285005 0.659058
v 0.655902 -0.095874 0.942535
v 1.013378 -0.466363 0.310250
v 0.854340 -0.466363 0.622024
v 1.062565 -0.466363 -0.036271
v 0.996572 -0.466363 -0.379987
v 0.822550 -0.466363 -0.683652
v 0.559358 -0.466363 -0.914359
v -0.113883 -0.466363 -1.067510
v 0.235516 -0.466363 -1.047106
v -0.450976 -0.466363 -0.973358
v -0.739233 -0.466363 -0.774854
v -0.947417 -0.466364 -0.493509
v -1.044450 -0.466363 0.190080
v -1.052969 -0.466363 -0.159810
v -0.922782 -0.466363 0.518246
v -0.403576 -0.466363 0.973367
v -0.701152 -0.466364 0.789126
v -0.062300 -0.466363 1.051001
v 0.602690 -0.466363 0.865265
v 0.285692 -0.466363 1.013617
v 0.854340 -0.466363 0.622024
v 0.686307 -0.786314 0.497685
v 0.853593 -0.786314 -0.031183
v 0.814075 -0.786314 0.247209
v 0.800574 -0.786314 -0.307321
v 0.660767 -0.786314 -0.551283
v 0.449320 -0.786314 -0.736630
v -0.091556 -0.786314 -0.859671
v 0.189148 -0.786314 -0.843279
v -0.362373 -0.786314 -0.784030
v -0.593956 -0.786314 -0.624554
v -0.846009 -0.786314 -0.130433
v -0.761209 -0.786314 -0.398524
v -0.839164 -0.786314 0.150666
v -0.563362 -0.786314 0.631934
v -0.741418 -0.786316 0.414312
v -0.050114 -0.786316 0.842322
v -0.324292 -0.786316 0.779950
v 0.229459 -0.786314 0.812286
v 0.484132 -0.786314 0.693103
v 0.443866 -1.021057 0.318289
v 0.552084 -1.021057 -0.023842
v 0.526521 -1.021057 0.156253
v 0.517786 -1.021057 -0.202478
v 0.427344 -1.021057 -0.360299
v 0.122249 -1.021057 -0.549195
v 0.290557 -1.021057 -0.480203
v -0.059341 -1.021057 -0.559799
v -0.234536 -1.021057 -0.510867
v -0.384349 -1.021057 -0.407700
v -0.547404 -1.021057 -0.088048
v -0.492547 -1.021057 -0.261478
v -0.542977 -1.021057 0.093798
v -0.364558 -1.021057 0.405135
v -0.479744 -1.021057 0.264353
v -0.032533 -1.021057 0.541237
v -0.209901 -1.021057 0.500889
v 0.148327 -1.021057 0.521808
v 0.313077 -1.021057 0.444706
v 0.686307 -0.786314 0.497685
v -0.000320 -1.160986 -0.010392
v -0.000320 -1.160986 -0.010392
v -0.000320 -1.160986 -0.010392
v -0.000320 -1.160986 -0.010392
v -0.000320 -1.160986 -0.010392
v -0.000320 -1.160986 -0.010392
v -0.000320 -1.160986 -0.010392
v -0.000320 -1.160986 -0.010392
v -0.000320 -1.160986 -0.010392
v -0.000320 -1.160986 -0.010392
v -0.000320 -1.160986 -0.010392
v -0.000320 -1.160986 -0.010392
v -0.000320 -1.160986 -0.010392
v -0.000320 -1.160986 -0.010392
v -0.000320 -1.160986 -0.010392
v -0.000320 -1.160986 -0.010392
v -0.000320 -1.160986 -0.010392
v -0.000320 -1.160986 -0.010392
v 0.443866 -1.021057 0.318289
v -0.000320 -1.160986 -0.010392
v 0.929760 -0.095874 0.677831
v -0.238249 -0.034906 -0.013219
v -0.247197 -0.037747 -0.013217
v -0.256330 -0.045279 -0.013218
v -0.223078 -0.073553 -0.013197
v -0.220305 -0.087438 0.000477
v -0.228146 -0.088825 -0.013219
v -0.220255 -0.065995 0.002281
v -0.230322 -0.066081 0.012662
v -0.225326 -0.076453 0.009920
v -0.223665 -0.056047 0.005324
v -0.235708 -0.060780 0.009568
v -0.247405 -0.031929 -0.000600
v -0.233910 -0.038821 0.000965
v -0.217270 -0.073643 0.000468
v -0.233663 -0.098139 0.000476
v -0.244084 -0.079704 0.020862
v -0.246282 -0.065072 0.016465
v -0.258782 -0.039999 0.004685
v -0.235923 -0.089989 0.015791
v -0.251408 -0.086034 0.011702
v -0.259949 -0.071058 0.007824
v -0.263618 -0.061207 -0.000569
v -0.265115 -0.054164 -0.013262
v -0.246777 -0.099043 0.007967
v -0.243976 -0.109599 -0.013208
v -0.245654 -0.108508 0.004890
v -0.265326 -0.101423 0.002159
v -0.268198 -0.091127 0.003488
v -0.268038 -0.080762 0.002299
v -0.270039 -0.063484 -0.013582
v -0.262849 -0.107242 -0.004473
v -0.268694 -0.069611 -0.004197
v -0.283476 -0.103270 0.008528
v -0.280993 -0.095559 0.006130
v -0.277779 -0.079388 -0.013643
v -0.288449 -0.116716 0.002166
v -0.292473 -0.122806 -0.007615
v -0.260221 -0.109677 -0.013195
v -0.278841 -0.085515 0.000276
v -0.330842 -0.104757 -0.003147
v -0.302490 -0.095755 0.010146
v -0.304406 -0.095842 0.005523
v -0.303842 -0.091486 0.006116
v -0.332223 -0.099401 -0.006265
v -0.302810 -0.082649 -0.006797
v -0.334117 -0.096564 -0.013316
v -0.302396 -0.080011 -0.013653
v -0.302617 -0.084043 0.000184
v -0.322635 -0.115697 -0.003917
v -0.313589 -0.116243 -0.006181
v -0.312838 -0.113803 -0.002620
v -0.312038 -0.109790 -0.000061
v -0.322284 -0.121070 -0.008518
v -0.313654 -0.118130 -0.012768
v -0.313829 -0.117228 -0.008686
v -0.292233 -0.125222 -0.012648
v -0.303529 -0.089128 0.002949
v -0.363034 -0.138309 -0.006038
v -0.320255 -0.107890 -0.003329
v -0.365469 -0.134704 -0.005636
v -0.369073 -0.128866 -0.013195
v -0.360385 -0.142325 -0.008117
v -0.358434 -0.145522 -0.013242
v -0.322985 -0.125605 -0.013204
v -0.368648 -0.130550 -0.007902
v -0.237396 -0.049154 0.019683
v -0.228538 -0.046132 0.005463
v -0.232810 -0.038534 0.009989
v -0.233910 -0.038821 0.000965
v -0.235656 -0.034143 0.010694
v -0.247405 -0.031929 -0.000600
v -0.245686 -0.027492 0.011016
v -0.255874 -0.035837 0.009538
v -0.258782 -0.039999 0.004685
v -0.246282 -0.065072 0.016465
v -0.235708 -0.060780 0.009568
v -0.257747 -0.055176 0.014418
v -0.246282 -0.065072 0.016465
v -0.247584 -0.056674 0.027156
v -0.263618 -0.061207 -0.000569
v -0.259949 -0.071058 0.007824
v -0.233788 -0.029140 0.019052
v -0.247348 -0.020750 0.021877
v -0.256327 -0.029373 0.015100
v -0.237031 -0.041490 0.030588
v -0.247584 -0.056674 0.027156
v -0.257012 -0.045495 0.019685
v -0.248984 -0.045175 0.036924
v -0.238008 -0.023283 0.031909
v -0.246203 -0.017790 0.036380
v -0.251153 -0.022689 0.039976
v -0.247758 -0.037692 0.038473
v -0.240145 -0.030763 0.040278
v -0.253325 -0.033072 0.041618
v -0.247758 -0.037692 0.038473
v -0.234012 -0.015560 0.040472
v -0.247196 -0.007694 0.043336
v -0.253999 -0.014349 0.048295
v -0.247240 -0.033967 0.049615
v -0.236890 -0.025646 0.050833
v -0.256100 -0.027611 0.052075
v -0.247240 -0.033967 0.049615
v -0.236174 -0.007606 0.052482
v -0.245397 -0.001882 0.056500
v -0.250671 -0.007095 0.060169
v -0.247922 -0.023083 0.059128
v -0.238625 -0.015482 0.061090
v -0.252655 -0.017951 0.062097
v -0.247922 -0.023083 0.059128
v -0.234287 -0.000187 0.061347
v -0.246315 0.006524 0.064307
v -0.254307 -0.000237 0.068733
v -0.246380 -0.017615 0.069270
v -0.237133 -0.009652 0.071148
v -0.255401 -0.012190 0.072160
v -0.246380 -0.017615 0.069270
v -0.236734 0.005904 0.078586
v -0.244940 0.011343 0.078355
v -0.250922 0.007616 0.080442
v -0.247721 -0.003120 0.084168
v -0.238238 -0.000724 0.082712
v -0.252545 -0.002727 0.084074
v -0.247721 -0.003120 0.084168
v -0.233546 0.004617 0.092759
v -0.228591 0.021679 0.086827
v -0.245141 0.030194 0.084332
v -0.260285 0.018998 0.085670
v -0.242266 0.003280 0.100011
v -0.252286 0.006471 0.096249
v -0.245391 0.009248 0.087820
v -0.246341 0.003529 0.090342
v -0.240452 0.007296 0.098785
v -0.243616 0.003294 0.090375
v -0.232809 0.020605 0.101076
v -0.231134 0.028964 0.093877
v -0.245475 0.034927 0.092160
v -0.262042 0.019934 0.094192
v -0.242233 0.013722 0.104737
v -0.266101 0.008832 0.097503
v -0.263191 0.001796 0.095058
v -0.266101 0.008832 0.097503
v -0.242365 0.015430 0.087934
v -0.246341 0.003529 0.090342
v -0.250658 0.015797 0.090471
v -0.250922 0.007616 0.080442
v -0.252286 0.006471 0.096249
v -0.250658 0.015797 0.090471
v -0.263191 0.001796 0.095058
v -0.203890 -0.065535 -0.013216
v -0.209623 -0.049784 0.000686
v -0.228538 -0.046132 0.005463
v -0.216479 -0.031216 -0.013228
v -0.207622 -0.059266 -0.007675
v -0.214625 -0.035227 -0.004467
v -0.360385 -0.142325 -0.008117
v -0.406828 -0.174264 -0.007656
v -0.403925 -0.177468 -0.013341
v -0.365469 -0.134704 -0.005636
v -0.409959 -0.171399 -0.007338
v -0.368648 -0.130550 -0.007902
v -0.413416 -0.167916 -0.013281
v -0.412630 -0.169425 -0.009066
v -0.358434 -0.145522 -0.013242
v -0.428889 -0.200075 -0.009076
v -0.427854 -0.202350 -0.013418
v -0.432800 -0.198193 -0.008837
v -0.437202 -0.195803 -0.013373
v -0.435993 -0.197047 -0.010125
v -0.460143 -0.226499 -0.013479
v -0.462756 -0.224815 -0.010292
v -0.465919 -0.221301 -0.013445
v -0.464925 -0.222636 -0.011144
v -0.508216 -0.233441 -0.013434
v -0.220285 -0.087451 -0.026915
v -0.230301 -0.066134 -0.039114
v -0.220254 -0.065973 -0.028720
v -0.225272 -0.076492 -0.036359
v -0.235632 -0.060868 -0.036089
v -0.223709 -0.056031 -0.031793
v -0.233739 -0.038879 -0.027639
v -0.247115 -0.031850 -0.026071
v -0.217228 -0.073588 -0.026907
v -0.233679 -0.098169 -0.026910
v -0.243960 -0.080732 -0.047329
v -0.246202 -0.065138 -0.042980
v -0.258562 -0.039840 -0.031298
v -0.235955 -0.090206 -0.042204
v -0.251329 -0.086630 -0.038097
v -0.259718 -0.071379 -0.034479
v -0.263514 -0.061238 -0.026034
v -0.246673 -0.099280 -0.034248
v -0.232356 -0.100358 -0.013219
v -0.267977 -0.091773 -0.030313
v -0.267701 -0.081195 -0.029418
v -0.245871 -0.108697 -0.031209
v -0.265378 -0.102086 -0.028627
v -0.262944 -0.107546 -0.021895
v -0.268493 -0.069735 -0.022951
v -0.283521 -0.103743 -0.034756
v -0.280881 -0.095938 -0.032744
v -0.288559 -0.116843 -0.027876
v -0.292374 -0.122649 -0.017793
v -0.278659 -0.085585 -0.027402
v -0.302603 -0.095944 -0.036678
v -0.330821 -0.104174 -0.023356
v -0.304473 -0.095820 -0.032068
v -0.303880 -0.091504 -0.032877
v -0.332160 -0.098965 -0.020321
v -0.302768 -0.082541 -0.020387
v -0.302608 -0.083946 -0.027336
v -0.313527 -0.116071 -0.019449
v -0.322914 -0.114901 -0.022473
v -0.312919 -0.113599 -0.023166
v -0.312214 -0.109550 -0.025957
v -0.322450 -0.120663 -0.017811
v -0.313767 -0.117043 -0.016868
v -0.303524 -0.089067 -0.029833
v -0.363046 -0.138276 -0.020405
v -0.320434 -0.106994 -0.023176
v -0.360393 -0.142301 -0.018349
v -0.368657 -0.130525 -0.018496
v -0.237309 -0.049515 -0.046428
v -0.228491 -0.046215 -0.032084
v -0.235632 -0.060868 -0.036089
v -0.232557 -0.038811 -0.036871
v -0.233739 -0.038879 -0.027639
v -0.235336 -0.034438 -0.037675
v -0.247115 -0.031850 -0.026071
v -0.255577 -0.035815 -0.036342
v -0.258562 -0.039840 -0.031298
v -0.246202 -0.065138 -0.042980
v -0.257607 -0.055078 -0.040988
v -0.246202 -0.065138 -0.042980
v -0.259718 -0.071379 -0.034479
v -0.263514 -0.061238 -0.026034
v -0.233403 -0.029683 -0.046191
v -0.245243 -0.027681 -0.038111
v -0.255924 -0.029473 -0.042101
v -0.247626 -0.056892 -0.053774
v -0.236892 -0.042176 -0.057498
v -0.256882 -0.045578 -0.046385
v -0.247626 -0.056892 -0.053774
v -0.237581 -0.023974 -0.059132
v -0.246836 -0.021124 -0.049110
v -0.250759 -0.023320 -0.067161
v -0.247580 -0.038343 -0.065406
v -0.248926 -0.045776 -0.063724
v -0.253087 -0.033696 -0.068611
v -0.247580 -0.038343 -0.065406
v -0.248926 -0.045776 -0.063724
v -0.239868 -0.031561 -0.067358
v -0.233512 -0.016459 -0.067836
v -0.245722 -0.018433 -0.063666
v -0.253514 -0.015089 -0.075618
v -0.247044 -0.034822 -0.076613
v -0.255818 -0.028379 -0.079159
v -0.247044 -0.034822 -0.076613
v -0.236577 -0.026677 -0.078005
v -0.235616 -0.008675 -0.079975
v -0.246593 -0.008447 -0.070796
v -0.250136 -0.008102 -0.087633
v -0.247596 -0.024101 -0.086314
v -0.252266 -0.018960 -0.089362
v -0.247596 -0.024101 -0.086314
v -0.238202 -0.016664 -0.088433
v -0.233672 -0.001427 -0.088968
v -0.244784 -0.002895 -0.084069
v -0.245628 0.005441 -0.092021
v -0.246003 -0.018838 -0.096556
v -0.254933 -0.013301 -0.099448
v -0.246003 -0.018838 -0.096556
v -0.236644 -0.010999 -0.098564
v -0.236080 0.004868 -0.106255
v -0.250272 0.006527 -0.108226
v -0.253690 -0.001221 -0.096268
v -0.247076 -0.004493 -0.111359
v -0.251896 -0.004092 -0.111296
v -0.247076 -0.004493 -0.111359
v -0.232887 0.002830 -0.120359
v -0.237586 -0.002010 -0.110033
v -0.228021 0.020334 -0.115467
v -0.244287 0.010406 -0.106345
v -0.259702 0.017494 -0.114286
v -0.241593 0.000909 -0.127520
v -0.244740 0.007864 -0.115680
v -0.251628 0.004320 -0.123961
v -0.245668 0.001886 -0.117790
v -0.239801 0.005026 -0.126575
v -0.242944 0.001656 -0.117816
v -0.232284 0.018202 -0.130254
v -0.230695 0.027411 -0.124283
v -0.244551 0.028976 -0.113484
v -0.261166 0.018114 -0.122982
v -0.241635 0.010949 -0.133144
v -0.265189 0.006560 -0.125499
v -0.262500 -0.000319 -0.122583
v -0.265189 0.006560 -0.125499
v -0.262500 -0.000319 -0.122583
v -0.241757 0.014037 -0.116283
v -0.245052 0.033519 -0.122471
v -0.245668 0.001886 -0.117790
v -0.251896 -0.004092 -0.111296
v -0.250059 0.014162 -0.118894
v -0.250272 0.006527 -0.108226
v -0.259702 0.017494 -0.114286
v -0.251628 0.004320 -0.123961
v -0.209588 -0.049774 -0.027129
v -0.207616 -0.059264 -0.018764
v -0.228491 -0.046215 -0.032084
v -0.214599 -0.035217 -0.021986
v -0.203890 -0.065535 -0.013216
v -0.209588 -0.049774 -0.027129
v -0.360393 -0.142301 -0.018349
v -0.406846 -0.174211 -0.018986
v -0.363046 -0.138276 -0.020405
v -0.365482 -0.134669 -0.020787
v -0.409978 -0.171344 -0.019268
v -0.368657 -0.130525 -0.018496
v -0.369073 -0.128866 -0.013195
v -0.412644 -0.169386 -0.017512
v -0.428902 -0.200035 -0.017736
v -0.432815 -0.198150 -0.017945
v -0.436004 -0.197017 -0.016636
v -0.462766 -0.224786 -0.016642
v -0.464933 -0.222615 -0.015763
v -0.245188 0.009088 -0.129371
v -0.246602 0.010972 -0.115788
v -0.254144 0.016236 -0.125124
v -0.234237 0.012688 -0.124663
v -0.236460 0.022307 -0.117408
v -0.248792 0.024557 -0.117557
v -0.242534 0.023328 -0.133638
v -0.247112 0.026519 -0.131173
v -0.237023 0.024773 -0.130885
v -0.238176 0.028915 -0.126554
v -0.244390 0.030073 -0.126548
v -0.240497 0.030421 -0.144033
v -0.249602 0.036678 -0.138255
v -0.229597 0.032870 -0.138407
v -0.231871 0.040773 -0.128848
v -0.244174 0.043155 -0.128645
v -0.240088 0.056543 -0.152235
v -0.235550 0.054304 -0.155619
v -0.230179 0.055702 -0.152800
v -0.231382 0.058797 -0.147691
v -0.237493 0.059455 -0.147410
v -0.239984 0.083904 -0.165562
v -0.243543 0.084857 -0.162589
v -0.235907 0.084861 -0.163358
v -0.236930 0.086405 -0.159044
v -0.241660 0.086407 -0.158555
v -0.249322 0.114642 -0.175308
v -0.251452 0.114385 -0.172856
v -0.246165 0.116825 -0.174126
v -0.246150 0.118068 -0.171157
v -0.249530 0.116798 -0.170428
v -0.283899 0.147180 -0.178242
v -0.252911 0.007642 -0.125316
v -0.247075 0.011093 -0.115711
v -0.257977 0.010574 -0.118413
v -0.247467 0.014746 -0.127614
v -0.249213 0.021571 -0.122149
v -0.255705 0.019217 -0.116926
v -0.263730 0.016156 -0.129035
v -0.261430 0.014787 -0.132653
v -0.258811 0.018417 -0.133963
v -0.259477 0.021907 -0.131294
v -0.262488 0.020518 -0.128282
v -0.274087 0.017784 -0.133742
v -0.270292 0.015307 -0.141474
v -0.265621 0.022726 -0.144448
v -0.266352 0.029367 -0.138538
v -0.271537 0.026356 -0.131938
v -0.292721 0.028511 -0.148906
v -0.294007 0.029437 -0.144656
v -0.290594 0.032162 -0.150554
v -0.290565 0.035345 -0.147322
v -0.292674 0.033660 -0.143678
v -0.320420 0.039982 -0.156368
v -0.319869 0.039404 -0.159681
v -0.318250 0.042158 -0.160739
v -0.317865 0.044457 -0.158197
v -0.319234 0.043122 -0.155472
v -0.351215 0.050366 -0.156701
v -0.350473 0.050429 -0.154085
v -0.350983 0.052989 -0.157915
v -0.350113 0.054679 -0.156018
v -0.349812 0.053101 -0.153676
v -0.391879 0.058758 -0.139936
v -0.250381 0.002583 -0.119613
v -0.244873 0.011889 -0.116260
v -0.250542 0.005858 -0.109976
v -0.253261 0.010443 -0.125413
v -0.255220 0.018270 -0.119482
v -0.253572 0.015563 -0.110038
v -0.261605 0.003478 -0.117272
v -0.261686 0.005205 -0.112425
v -0.263032 0.007324 -0.120371
v -0.263998 0.011379 -0.117435
v -0.263217 0.010112 -0.112513
v -0.269994 0.000176 -0.108750
v -0.270013 -0.003316 -0.118359
v -0.272694 0.004268 -0.124554
v -0.274200 0.012329 -0.118687
v -0.272906 0.009997 -0.108948
v -0.291121 -0.001857 -0.110363
v -0.291896 -0.003951 -0.115108
v -0.292838 0.000033 -0.118169
v -0.292465 0.004493 -0.115402
v -0.291329 0.003323 -0.110597
v -0.316865 -0.002948 -0.108080
v -0.316063 -0.001540 -0.104612
v -0.317167 0.000018 -0.110513
v -0.316558 0.003252 -0.108554
v -0.315869 0.002273 -0.104922
v -0.343187 -0.002328 -0.097706
v -0.341887 -0.001315 -0.095171
v -0.344083 0.000120 -0.099443
v -0.343291 0.002683 -0.097956
v -0.341973 0.001788 -0.095317
v -0.371569 -0.000765 -0.071675
v -0.245547 0.013566 0.088800
v -0.251103 0.004685 0.092861
v -0.251253 0.007260 0.083020
v -0.253970 0.012927 0.097956
v -0.255886 0.020250 0.091553
v -0.254227 0.016968 0.082385
v -0.262317 0.005485 0.090342
v -0.262376 0.006898 0.085398
v -0.264754 0.013365 0.089969
v -0.263808 0.009505 0.093177
v -0.263878 0.011813 0.085155
v -0.270747 0.001924 0.081931
v -0.270752 -0.000971 0.091761
v -0.275425 0.014809 0.091014
v -0.273718 0.007100 0.097453
v -0.273683 0.011706 0.081462
v -0.292314 -0.000841 0.083708
v -0.292769 -0.002314 0.088535
v -0.294424 0.005663 0.088196
v -0.294044 0.001754 0.091277
v -0.293387 0.004043 0.083524
v -0.317561 -0.004910 0.081196
v -0.317023 -0.003755 0.077551
v -0.318246 -0.001793 0.083337
v -0.318133 0.001285 0.081018
v -0.317377 0.000063 0.077450
v -0.343646 -0.007790 0.070816
v -0.342301 -0.007021 0.068338
v -0.344696 -0.005282 0.072354
v -0.343835 -0.002750 0.070704
v -0.342585 -0.004021 0.068308
v -0.369935 -0.006290 0.042254
v -0.247755 0.012757 0.088326
v -0.253619 0.010165 0.098085
v -0.258675 0.012576 0.091028
v -0.248092 0.017432 0.099641
v -0.249818 0.023674 0.093901
v -0.256344 0.021072 0.088967
v -0.264994 0.018429 0.101226
v -0.259747 0.020817 0.105775
v -0.262684 0.017288 0.104875
v -0.260251 0.023908 0.102831
v -0.263486 0.022480 0.100065
v -0.275250 0.021800 0.106065
v -0.271295 0.019608 0.113852
v -0.265350 0.032090 0.109462
v -0.265072 0.026131 0.115758
v -0.271539 0.029441 0.103412
v -0.287209 0.041287 0.120863
v -0.288603 0.042054 0.116655
v -0.283772 0.044022 0.121824
v -0.286021 0.045339 0.114961
v -0.283060 0.046496 0.118218
v -0.307994 0.062321 0.129928
v -0.308899 0.062809 0.126662
v -0.304931 0.064034 0.130421
v -0.304021 0.065587 0.127505
v -0.306435 0.064856 0.125152
v -0.322819 0.091451 0.132293
v -0.323143 0.091136 0.129522
v -0.320629 0.092939 0.132897
v -0.321171 0.092439 0.128422
v -0.319600 0.093572 0.130493
v -0.345090 0.129501 0.126816
v -0.247283 0.012635 0.088412
v -0.245849 0.011997 0.101919
v -0.254860 0.018546 0.097226
v -0.234890 0.014994 0.097030
v -0.237074 0.023944 0.089139
v -0.249388 0.026371 0.089220
v -0.242959 0.026814 0.104061
v -0.247577 0.029264 0.101820
v -0.237390 0.028027 0.100657
v -0.238540 0.031370 0.095900
v -0.244813 0.032437 0.096612
v -0.240502 0.036720 0.111664
v -0.249775 0.040315 0.107109
v -0.229610 0.037898 0.105371
v -0.244205 0.046007 0.094790
v -0.231853 0.043695 0.094374
v -0.239337 0.064913 0.114168
v -0.229477 0.062902 0.114436
v -0.234701 0.063013 0.117752
v -0.230844 0.064875 0.108865
v -0.236914 0.066206 0.108714
v -0.230477 0.094693 0.118674
v -0.234111 0.095690 0.115809
v -0.226663 0.093890 0.115939
v -0.227947 0.094415 0.111419
v -0.232547 0.095517 0.111314
v -0.225759 0.128907 0.117737
v -0.228966 0.129184 0.115620
v -0.222850 0.128216 0.115668
v -0.224239 0.128190 0.112282
v -0.228017 0.128731 0.112231
v -0.222772 0.174621 0.105449
v -0.248984 -0.045175 0.036924
v -0.245391 0.009248 0.087820
v -0.252545 -0.002727 0.084074
v -0.260285 0.018998 0.085670
v -0.209623 -0.049784 0.000686
v -0.363034 -0.138309 -0.006038
v -0.365482 -0.134669 -0.020787
v -0.244740 0.007864 -0.115680
v -0.250059 0.014162 -0.118894
v -0.167275 -0.018320 -0.004626
v -0.162166 -0.025494 -0.013047
v -0.171288 -0.024978 -0.013078
v -0.162695 -0.020081 -0.003520
v -0.159837 -0.021305 -0.006560
v -0.173965 -0.021401 -0.003346
v -0.175663 -0.021997 -0.013099
v -0.162121 -0.025500 -0.006558
v -0.170621 -0.024958 -0.002584
v -0.177969 -0.028513 -0.007747
v -0.179878 -0.023246 -0.013116
v -0.172843 -0.029120 -0.002877
v -0.163498 -0.030004 -0.002047
v -0.173380 -0.040616 -0.008465
v -0.169956 -0.043033 -0.007081
v -0.167233 -0.048040 -0.010488
v -0.163532 -0.043225 -0.008450
v -0.165028 -0.039615 -0.002744
v -0.160136 -0.039942 -0.003221
v -0.166723 -0.052746 -0.013063
v -0.161543 -0.048823 -0.013070
v -0.148245 -0.024504 -0.010442
v -0.148133 -0.023926 -0.013012
v -0.158082 -0.023472 -0.008427
v -0.143672 -0.028215 -0.012999
v -0.154311 -0.025342 -0.004956
v -0.146894 -0.023075 -0.005705
v -0.145522 -0.028156 -0.010435
v -0.143672 -0.028215 -0.012999
v -0.149320 -0.025177 -0.006764
v -0.156341 -0.029178 -0.006047
v -0.127640 -0.033476 -0.012947
v -0.128701 -0.030148 -0.009522
v -0.128379 -0.036928 -0.007457
v -0.154834 -0.028944 -0.010281
v -0.150313 -0.029485 -0.010261
v -0.150152 -0.028798 -0.009988
v -0.158181 -0.034439 -0.002153
v -0.133652 -0.042913 -0.013196
v -0.139086 -0.044719 -0.010202
v -0.140978 -0.046739 -0.013162
v -0.152018 -0.034219 -0.005270
v -0.157211 -0.038862 -0.001617
v -0.156072 -0.040488 -0.006562
v -0.154955 -0.046806 -0.013098
v -0.141428 -0.029667 -0.007632
v -0.145890 -0.030207 -0.007648
v -0.144448 -0.036532 -0.005215
v -0.154477 -0.035649 -0.013058
v -0.138598 -0.032039 -0.012983
v -0.144448 -0.036532 -0.005215
v -0.150787 -0.032198 -0.006880
v -0.135975 -0.032819 -0.006672
v -0.134302 -0.030838 -0.012254
v -0.133296 -0.025904 -0.012963
v -0.133655 -0.024947 -0.005652
v -0.135975 -0.032819 -0.006672
v -0.128379 -0.036928 -0.007457
v -0.127640 -0.033476 -0.012947
v -0.128011 -0.027541 -0.012946
v -0.151583 -0.039870 -0.008513
v -0.150145 -0.045158 -0.013121
v -0.149645 -0.037146 -0.007616
v -0.152018 -0.034219 -0.005270
v -0.145138 -0.042978 -0.010175
v -0.145862 -0.043666 -0.013140
v -0.143504 -0.040984 -0.007643
v -0.151481 -0.041447 -0.013116
v -0.149645 -0.037146 -0.007616
v -0.143504 -0.040984 -0.007643
v -0.138337 -0.042384 -0.007666
v -0.138832 -0.044882 -0.013172
v -0.183517 -0.030672 -0.007771
v -0.189420 -0.028228 -0.007790
v -0.179384 -0.036762 -0.005826
v -0.176969 -0.048629 -0.013100
v -0.178900 -0.047063 -0.010539
v -0.188833 -0.037140 -0.004774
v -0.188408 -0.023245 -0.013145
v -0.193135 -0.027278 -0.013162
v -0.185309 -0.053055 -0.010581
v -0.200287 -0.032880 -0.007833
v -0.201107 -0.030279 -0.013194
v -0.195765 -0.056183 -0.010627
v -0.184297 -0.057379 -0.013153
v -0.197448 -0.045116 -0.002667
v -0.214625 -0.035227 -0.004467
v -0.216479 -0.031216 -0.013228
v -0.203890 -0.065535 -0.013216
v -0.207622 -0.059266 -0.007675
v -0.209623 -0.049784 0.000686
v -0.149588 -0.027833 -0.010366
v -0.146624 -0.028706 -0.010584
v -0.148725 -0.029250 -0.010409
v -0.146624 -0.028706 -0.010584
v -0.149588 -0.027833 -0.010366
v -0.154834 -0.028944 -0.010281
v -0.150313 -0.029485 -0.010261
v -0.148725 -0.029250 -0.010409
v -0.167284 -0.034640 0.000646
v -0.175778 -0.033694 0.000515
v -0.176685 -0.040517 -0.001517
v -0.166024 -0.040077 -0.000756
v -0.176456 -0.034517 0.002231
v -0.175152 -0.042768 -0.000293
v -0.164708 -0.040985 0.000355
v -0.166643 -0.036688 0.001794
v -0.174525 -0.038103 0.003516
v -0.174779 -0.042041 0.001995
v -0.165645 -0.040573 0.002831
v -0.166640 -0.039550 0.003362
v -0.168935 -0.040060 0.010898
v -0.174779 -0.042041 0.001995
v -0.172461 -0.044798 0.013135
v -0.167316 -0.044517 0.012654
v -0.165645 -0.040573 0.002831
v -0.165151 -0.040752 0.010540
v -0.166640 -0.039550 0.003362
v -0.174525 -0.038103 0.003516
v -0.164219 -0.044988 0.021913
v -0.166771 -0.047908 0.023560
v -0.162083 -0.047595 0.020667
v -0.161941 -0.044661 0.019228
v -0.156696 -0.047868 0.029473
v -0.158169 -0.050276 0.032736
v -0.158441 -0.049379 0.028023
v -0.155491 -0.048194 0.026465
v -0.148580 -0.055489 0.036748
v -0.167997 -0.022879 -0.001334
v -0.166612 -0.015070 -0.002883
v -0.175360 -0.019184 -0.001476
v -0.167520 -0.021428 0.002087
v -0.161759 -0.016238 0.000105
v -0.160909 -0.017200 -0.001411
v -0.168584 -0.015408 -0.001273
v -0.173889 -0.018678 -0.000490
v -0.166948 -0.005843 0.009306
v -0.161759 -0.016238 0.000105
v -0.168584 -0.015408 -0.001273
v -0.166975 -0.008085 0.011435
v -0.168711 -0.019623 0.002061
v -0.171066 -0.007132 0.009616
v -0.173889 -0.018678 -0.000490
v -0.162531 -0.001030 0.015666
v -0.162239 -0.006888 0.009936
v -0.168148 0.000619 0.015655
v -0.168193 -0.001334 0.017204
v -0.164399 0.005868 0.020837
v -0.164526 0.005125 0.021956
v -0.170827 0.000546 0.016675
v -0.156451 0.010394 0.025532
v -0.160534 0.004381 0.020570
v -0.165879 0.006934 0.021977
v -0.134302 -0.030838 -0.012254
v -0.167131 -0.018258 -0.021511
v -0.162441 -0.020005 -0.022580
v -0.159688 -0.021277 -0.019526
v -0.173864 -0.021351 -0.022841
v -0.161977 -0.025465 -0.019540
v -0.170453 -0.024848 -0.023563
v -0.177923 -0.028478 -0.018466
v -0.172724 -0.029021 -0.023285
v -0.163230 -0.029939 -0.024050
v -0.173366 -0.040537 -0.017691
v -0.169962 -0.042959 -0.019040
v -0.167254 -0.048027 -0.015629
v -0.165006 -0.039580 -0.023366
v -0.163555 -0.043229 -0.017675
v -0.160185 -0.039974 -0.022925
v -0.148207 -0.024509 -0.015583
v -0.157988 -0.023462 -0.017652
v -0.146806 -0.023082 -0.020309
v -0.154117 -0.025354 -0.021104
v -0.145489 -0.028163 -0.015575
v -0.149224 -0.025190 -0.019267
v -0.156168 -0.029201 -0.020029
v -0.128679 -0.030145 -0.016377
v -0.128343 -0.036924 -0.018445
v -0.150086 -0.028818 -0.016056
v -0.150250 -0.029506 -0.015786
v -0.154762 -0.028960 -0.015789
v -0.157978 -0.034585 -0.023970
v -0.139113 -0.044721 -0.016140
v -0.157303 -0.038888 -0.024560
v -0.151731 -0.034634 -0.020866
v -0.156129 -0.040490 -0.019624
v -0.141392 -0.029663 -0.018351
v -0.145817 -0.030228 -0.018367
v -0.144097 -0.036946 -0.020811
v -0.144097 -0.036946 -0.020811
v -0.150644 -0.032265 -0.019176
v -0.135933 -0.032814 -0.019278
v -0.133606 -0.024942 -0.020276
v -0.135933 -0.032814 -0.019278
v -0.151624 -0.039872 -0.017718
v -0.149695 -0.037149 -0.018634
v -0.151731 -0.034634 -0.020866
v -0.145165 -0.042979 -0.016113
v -0.143554 -0.040987 -0.018661
v -0.149695 -0.037149 -0.018634
v -0.138388 -0.042387 -0.018684
v -0.143554 -0.040987 -0.018661
v -0.183480 -0.030659 -0.018490
v -0.189385 -0.028223 -0.018509
v -0.179340 -0.036709 -0.020399
v -0.178898 -0.047042 -0.015681
v -0.188780 -0.037131 -0.021531
v -0.185301 -0.053043 -0.015723
v -0.200261 -0.032875 -0.018552
v -0.195756 -0.056182 -0.015769
v -0.197400 -0.045110 -0.023722
v -0.214599 -0.035217 -0.021986
v -0.194602 -0.060534 -0.013199
v -0.207616 -0.059264 -0.018764
v -0.149535 -0.027847 -0.015672
v -0.146587 -0.028717 -0.015435
v -0.148673 -0.029268 -0.015626
v -0.146587 -0.028717 -0.015435
v -0.154762 -0.028960 -0.015789
v -0.148673 -0.029268 -0.015626
v -0.167092 -0.034516 -0.026745
v -0.175666 -0.033551 -0.026701
v -0.166020 -0.040026 -0.025350
v -0.176337 -0.034348 -0.028425
v -0.176645 -0.040399 -0.024675
v -0.175142 -0.042613 -0.025876
v -0.166540 -0.036610 -0.027891
v -0.174430 -0.037854 -0.029674
v -0.174759 -0.041840 -0.028156
v -0.164764 -0.040969 -0.026467
v -0.165726 -0.040556 -0.028935
v -0.168777 -0.040042 -0.037071
v -0.174759 -0.041840 -0.028156
v -0.174430 -0.037854 -0.029674
v -0.172288 -0.044778 -0.039335
v -0.165726 -0.040556 -0.028935
v -0.164994 -0.040734 -0.036688
v -0.166688 -0.039513 -0.029459
v -0.163987 -0.044961 -0.048058
v -0.166528 -0.047880 -0.049725
v -0.167145 -0.044497 -0.038820
v -0.161727 -0.044636 -0.045358
v -0.156415 -0.047836 -0.055570
v -0.158169 -0.049348 -0.054133
v -0.161859 -0.047569 -0.046800
v -0.155230 -0.048164 -0.052555
v -0.157866 -0.050241 -0.058844
v -0.148251 -0.055451 -0.062797
v -0.167736 -0.022742 -0.024795
v -0.166544 -0.015061 -0.023255
v -0.160589 -0.017117 -0.024685
v -0.175282 -0.019173 -0.024724
v -0.167077 -0.021197 -0.028218
v -0.161610 -0.016206 -0.026212
v -0.168480 -0.019515 -0.028213
v -0.168506 -0.015399 -0.024879
v -0.173804 -0.018667 -0.025699
v -0.166800 -0.005826 -0.035439
v -0.161610 -0.016206 -0.026212
v -0.162086 -0.006870 -0.036039
v -0.166813 -0.008066 -0.037570
v -0.168480 -0.019515 -0.028213
v -0.170916 -0.007114 -0.035777
v -0.168506 -0.015399 -0.024879
v -0.173804 -0.018667 -0.025699
v -0.162341 -0.001008 -0.041766
v -0.167993 -0.001310 -0.043342
v -0.167958 0.000641 -0.041792
v -0.170630 0.000569 -0.042829
v -0.164174 0.005894 -0.046945
v -0.160312 0.004406 -0.046652
v -0.164294 0.005152 -0.048064
v -0.165647 0.006961 -0.048094
v -0.156196 0.010424 -0.051583
v -0.135082 -0.030687 -0.014400
v -0.133150 -0.033423 -0.007869
v -0.134443 -0.036966 -0.008813
v -0.133522 -0.037166 -0.008203
v -0.133148 -0.033439 -0.009811
v -0.134994 -0.033022 -0.008846
v -0.131305 -0.033840 -0.008834
v -0.133520 -0.037176 -0.009417
v -0.132599 -0.037375 -0.008807
v -0.133111 -0.033422 -0.016641
v -0.134404 -0.036965 -0.017585
v -0.133483 -0.037165 -0.016975
v -0.133108 -0.033438 -0.018583
v -0.134954 -0.033021 -0.017618
v -0.131265 -0.033839 -0.017606
v -0.133481 -0.037175 -0.018189
v -0.132559 -0.037374 -0.017579
v -0.130291 -0.034069 -0.015078
v -0.130426 -0.036246 -0.015621
v -0.129883 -0.036205 -0.015269
v -0.130287 -0.034079 -0.016200
v -0.131379 -0.034150 -0.015642
v -0.129200 -0.033998 -0.015635
v -0.129880 -0.036211 -0.015970
v -0.129337 -0.036170 -0.015618
v -0.130309 -0.034071 -0.009739
v -0.130444 -0.036248 -0.010283
v -0.129901 -0.036207 -0.009930
v -0.130305 -0.034081 -0.010862
v -0.131396 -0.034152 -0.010304
v -0.129218 -0.034000 -0.010297
v -0.129898 -0.036213 -0.010632
v -0.129354 -0.036172 -0.010279
v -0.139464 -0.033275 -0.016402
v -0.138679 -0.037992 -0.017590
v -0.137538 -0.037636 -0.016817
v -0.139450 -0.033295 -0.018863
v -0.141765 -0.033967 -0.017640
v -0.137168 -0.032585 -0.017625
v -0.137529 -0.037648 -0.018356
v -0.136389 -0.037292 -0.017583
v -0.139504 -0.033282 -0.007631
v -0.138718 -0.037998 -0.008819
v -0.137578 -0.037642 -0.008046
v -0.139489 -0.033302 -0.010092
v -0.141816 -0.033961 -0.008869
v -0.137207 -0.032592 -0.008853
v -0.137569 -0.037655 -0.009584
v -0.136429 -0.037299 -0.008811
v -0.145092 -0.035486 -0.016825
v -0.145755 -0.036634 -0.017648
v -0.144439 -0.037236 -0.017117
v -0.145107 -0.035473 -0.018488
v -0.147186 -0.035392 -0.017667
v -0.143202 -0.035379 -0.017647
v -0.144458 -0.037206 -0.018157
v -0.143196 -0.037715 -0.017627
v -0.145239 -0.035373 -0.008054
v -0.145981 -0.036328 -0.008880
v -0.144706 -0.036879 -0.008350
v -0.145187 -0.035431 -0.009717
v -0.147312 -0.035297 -0.008897
v -0.143279 -0.035344 -0.008876
v -0.144630 -0.036994 -0.009388
v -0.143386 -0.037484 -0.008858
v -0.156249 -0.034930 -0.016866
v -0.156131 -0.036271 -0.017688
v -0.155384 -0.035976 -0.017166
v -0.156282 -0.034916 -0.018529
v -0.157909 -0.035553 -0.017702
v -0.154391 -0.034506 -0.017692
v -0.155443 -0.035909 -0.018206
v -0.154640 -0.035682 -0.017684
v -0.156370 -0.034867 -0.008096
v -0.156190 -0.036199 -0.008917
v -0.155519 -0.035819 -0.008396
v -0.156389 -0.034862 -0.009759
v -0.157976 -0.035526 -0.008930
v -0.154577 -0.034395 -0.008922
v -0.155447 -0.035903 -0.009435
v -0.154722 -0.035589 -0.008913
v -0.145761 -0.041166 -0.015356
v -0.145646 -0.036386 -0.016111
v -0.144463 -0.036580 -0.015629
v -0.145765 -0.041145 -0.016914
v -0.148128 -0.040781 -0.016124
v -0.143399 -0.041530 -0.016146
v -0.144465 -0.036567 -0.016603
v -0.143282 -0.036761 -0.016121
v -0.142146 -0.042189 -0.009985
v -0.140988 -0.038599 -0.010585
v -0.140136 -0.039011 -0.010205
v -0.142144 -0.042174 -0.011214
v -0.143850 -0.041368 -0.010592
v -0.140440 -0.042995 -0.010607
v -0.140135 -0.039001 -0.010973
v -0.139283 -0.039413 -0.010593
v -0.142162 -0.042195 -0.015536
v -0.141004 -0.038605 -0.016137
v -0.140151 -0.039017 -0.015756
v -0.142160 -0.042180 -0.016766
v -0.143866 -0.041374 -0.016144
v -0.140456 -0.043001 -0.016159
v -0.140150 -0.039007 -0.016525
v -0.139298 -0.039419 -0.016144
v -0.138181 -0.043923 -0.014571
v -0.138620 -0.041787 -0.014913
v -0.138075 -0.041752 -0.014693
v -0.138185 -0.043913 -0.015281
v -0.139272 -0.043994 -0.014921
v -0.137094 -0.043842 -0.014931
v -0.138077 -0.041746 -0.015137
v -0.137531 -0.041711 -0.014918
v -0.138165 -0.043922 -0.011192
v -0.138605 -0.041786 -0.011534
v -0.138059 -0.041751 -0.011314
v -0.138169 -0.043913 -0.011902
v -0.139257 -0.043994 -0.011542
v -0.137078 -0.043841 -0.011552
v -0.138061 -0.041745 -0.011758
v -0.137516 -0.041710 -0.011539
v -0.145747 -0.041163 -0.009805
v -0.145632 -0.036383 -0.010559
v -0.144448 -0.036577 -0.010078
v -0.145751 -0.041142 -0.011362
v -0.148113 -0.040778 -0.010573
v -0.143384 -0.041527 -0.010594
v -0.144451 -0.036564 -0.011051
v -0.143267 -0.036758 -0.010570
v -0.150426 -0.039159 -0.016936
v -0.150347 -0.035946 -0.017740
v -0.149549 -0.036062 -0.017224
v -0.150432 -0.039146 -0.018598
v -0.152026 -0.038914 -0.017760
v -0.148831 -0.039406 -0.017774
v -0.149553 -0.036052 -0.018264
v -0.148752 -0.036183 -0.017747
v -0.150397 -0.039155 -0.008164
v -0.150318 -0.035943 -0.008969
v -0.149521 -0.036057 -0.008453
v -0.150403 -0.039142 -0.009827
v -0.151997 -0.038914 -0.008988
v -0.148802 -0.039402 -0.009003
v -0.149524 -0.036049 -0.009492
v -0.148723 -0.036179 -0.008976
v -0.149085 -0.041719 -0.015556
v -0.149038 -0.039762 -0.016043
v -0.148553 -0.039841 -0.015730
v -0.149088 -0.041711 -0.016563
v -0.150055 -0.041561 -0.016055
v -0.148118 -0.041868 -0.016064
v -0.148555 -0.039836 -0.016360
v -0.148070 -0.039915 -0.016048
v -0.149067 -0.041716 -0.010240
v -0.149021 -0.039759 -0.010727
v -0.148536 -0.039839 -0.010415
v -0.149070 -0.041708 -0.011247
v -0.150037 -0.041559 -0.010739
v -0.148100 -0.041866 -0.010748
v -0.148538 -0.039833 -0.011044
v -0.148053 -0.039913 -0.010732
v -0.138337 -0.042384 -0.007666
v -0.133652 -0.042913 -0.013196
v -0.168711 -0.019623 0.002061
v -0.138388 -0.042387 -0.018684
v -0.128343 -0.036924 -0.018445
v -0.209588 -0.049774 -0.027129
v -0.149535 -0.027847 -0.015672
v -0.150250 -0.029506 -0.015786
v -0.166688 -0.039513 -0.029459
v -0.323536 -0.192451 0.011242
v -0.333695 -0.188409 0.012957
v -0.326952 -0.187765 0.006875
v -0.322022 -0.188555 0.016688
v -0.330683 -0.179193 0.015891
v -0.317345 -0.185047 0.008809
v -0.318470 -0.183138 0.005938
v -0.314984 -0.187693 0.012686
v -0.316432 -0.190741 0.020649
v -0.318433 -0.197248 0.014983
v -0.306878 -0.192962 0.014572
v -0.316369 -0.193850 0.021831
v -0.316092 -0.198342 0.016596
v -0.311077 -0.199425 0.022841
v -0.310794 -0.202502 0.018737
v -0.304758 -0.200728 0.019618
v -0.310400 -0.212093 0.027844
v -0.341665 -0.191922 0.006089
v -0.344701 -0.184983 0.001780
v -0.336071 -0.185344 -0.000496
v -0.344229 -0.173017 0.003687
v -0.331317 -0.176975 -0.000040
v -0.343561 -0.176138 0.013312
v -0.334021 -0.165130 0.002838
v -0.345167 -0.154006 0.008162
v -0.339638 -0.154245 0.003102
v -0.335080 -0.164220 0.011327
v -0.327954 -0.164294 0.008363
v -0.331810 -0.147721 0.001406
v -0.339375 -0.146182 0.001135
v -0.335089 -0.147791 0.014987
v -0.352306 -0.137561 0.009550
v -0.328565 -0.148844 0.009983
v -0.331411 -0.134469 0.003560
v -0.311699 -0.144460 0.003845
v -0.335815 -0.134629 0.009677
v -0.325904 -0.137534 0.013829
v -0.308423 -0.145481 0.010226
v -0.326909 -0.119522 0.000431
v -0.294285 -0.131349 0.003211
v -0.331992 -0.118601 0.007410
v -0.315837 -0.122753 0.013423
v -0.291424 -0.132213 0.008325
v -0.322635 -0.115697 -0.003917
v -0.288449 -0.116716 0.002166
v -0.320255 -0.107890 -0.003329
v -0.308176 -0.106848 0.010871
v -0.283476 -0.103270 0.008528
v -0.302490 -0.095755 0.010146
v -0.348455 -0.188206 0.004011
v -0.345793 -0.193964 0.004680
v -0.351938 -0.192173 0.009048
v -0.356209 -0.189898 -0.000344
v -0.351103 -0.200704 -0.000846
v -0.354876 -0.191310 0.009603
v -0.356705 -0.194838 0.007664
v -0.355580 -0.194449 -0.000560
v -0.354165 -0.197458 -0.000669
v -0.359969 -0.196816 -0.001779
v -0.358779 -0.199456 -0.001871
v -0.364580 -0.200344 0.003227
v -0.363600 -0.199735 -0.009945
v -0.326339 -0.195497 -0.001821
v -0.319412 -0.187804 0.000316
v -0.320122 -0.195257 -0.006723
v -0.321129 -0.202034 0.004813
v -0.325096 -0.194758 0.004777
v -0.312561 -0.203025 -0.006736
v -0.322697 -0.202096 -0.004006
v -0.319910 -0.203758 0.004115
v -0.317411 -0.210640 -0.000905
v -0.322423 -0.205766 -0.002477
v -0.315464 -0.209288 0.003255
v -0.311130 -0.212011 -0.004273
v -0.316695 -0.223239 0.004244
v -0.320454 -0.196956 -0.037981
v -0.321563 -0.187915 -0.029496
v -0.329954 -0.187029 -0.036096
v -0.313837 -0.188674 -0.035784
v -0.325907 -0.178020 -0.038833
v -0.313102 -0.183690 -0.031856
v -0.313721 -0.194529 -0.038175
v -0.316202 -0.203311 -0.031328
v -0.319036 -0.196420 -0.030951
v -0.306516 -0.202741 -0.038515
v -0.316252 -0.202856 -0.040560
v -0.317987 -0.206248 -0.038462
v -0.312909 -0.211963 -0.037146
v -0.314882 -0.205795 -0.032310
v -0.310490 -0.211320 -0.032659
v -0.305706 -0.212046 -0.036776
v -0.312485 -0.225651 -0.031521
v -0.327200 -0.188290 -0.023288
v -0.338886 -0.185002 -0.030800
v -0.336018 -0.191188 -0.027256
v -0.338502 -0.176366 -0.022215
v -0.324718 -0.178608 -0.020972
v -0.338729 -0.172858 -0.034023
v -0.330362 -0.165399 -0.026897
v -0.337115 -0.155061 -0.027744
v -0.342727 -0.155542 -0.032689
v -0.331705 -0.165158 -0.035403
v -0.324587 -0.164453 -0.032602
v -0.329768 -0.147927 -0.026637
v -0.337398 -0.146894 -0.026301
v -0.350962 -0.139431 -0.034989
v -0.333290 -0.149110 -0.040113
v -0.326656 -0.149464 -0.035188
v -0.330229 -0.134909 -0.029630
v -0.310031 -0.144384 -0.029643
v -0.334763 -0.135711 -0.035636
v -0.324637 -0.138469 -0.039781
v -0.306796 -0.145699 -0.036011
v -0.326192 -0.119142 -0.026817
v -0.293555 -0.130579 -0.029372
v -0.331204 -0.118913 -0.033634
v -0.315351 -0.122877 -0.039684
v -0.290783 -0.131731 -0.034435
v -0.322914 -0.114901 -0.022473
v -0.288559 -0.116843 -0.027876
v -0.320434 -0.106994 -0.023176
v -0.308441 -0.106142 -0.038383
v -0.283521 -0.103743 -0.034756
v -0.302603 -0.095944 -0.036678
v -0.340970 -0.191730 -0.027368
v -0.346715 -0.189814 -0.022993
v -0.343176 -0.186048 -0.027439
v -0.346891 -0.197058 -0.032441
v -0.350969 -0.186030 -0.030537
v -0.349020 -0.188592 -0.022872
v -0.349609 -0.193509 -0.031729
v -0.350595 -0.190352 -0.031417
v -0.351125 -0.191482 -0.023850
v -0.355371 -0.192251 -0.032297
v -0.354358 -0.194929 -0.032721
v -0.359879 -0.193964 -0.040358
v -0.359749 -0.195732 -0.027438
v -0.317745 -0.193541 -0.024525
v -0.316172 -0.189609 -0.019344
v -0.310979 -0.186478 -0.026574
v -0.309111 -0.187283 -0.017980
v -0.312181 -0.192979 -0.014684
v -0.313844 -0.199087 -0.020826
v -0.301060 -0.193566 -0.016235
v -0.311396 -0.196359 -0.013395
v -0.312249 -0.200082 -0.019655
v -0.306943 -0.201931 -0.012783
v -0.307155 -0.204297 -0.016940
v -0.299602 -0.201780 -0.011846
v -0.306556 -0.215681 -0.007308
v -0.324423 0.044709 -0.158052
v -0.311590 0.069844 -0.180947
v -0.351046 0.052578 -0.154016
v -0.295578 0.036504 -0.147252
v -0.267581 0.061856 -0.158845
v -0.245757 0.014521 -0.117208
v -0.274981 0.091023 -0.169936
v -0.237610 0.071853 -0.155420
v -0.248642 0.115777 -0.171689
v -0.330725 -0.001156 -0.103824
v -0.330306 0.012901 -0.128878
v -0.342776 0.000637 -0.096208
v -0.301602 0.001648 -0.112695
v -0.295926 0.012893 -0.129862
v -0.254281 0.010579 -0.122084
v -0.332102 0.019681 -0.137789
v -0.295406 0.034096 -0.149645
v -0.347556 0.050751 -0.155235
v -0.252575 -0.047401 -0.036518
v -0.280811 -0.100821 -0.023988
v -0.263335 -0.067424 -0.017749
v -0.275916 -0.015408 -0.080484
v -0.305996 -0.054614 -0.062006
v -0.301117 0.002028 -0.109940
v -0.247555 -0.022151 -0.066502
v -0.248978 0.010633 -0.115276
v -0.341889 0.001355 -0.096119
v -0.252742 -0.047234 0.010492
v -0.280887 -0.100905 -0.001418
v -0.263349 -0.067461 -0.007853
v -0.303746 -0.057258 0.037244
v -0.272316 -0.014386 0.051474
v -0.302861 0.000983 0.083483
v -0.248019 -0.021333 0.040218
v -0.249668 0.012336 0.088035
v -0.342446 -0.004254 0.069192
v -0.332817 0.011290 0.100538
v -0.331678 -0.005736 0.077442
v -0.343222 -0.004871 0.069233
v -0.303215 0.000856 0.086272
v -0.299738 0.015043 0.103578
v -0.254985 0.012846 0.094767
v -0.328035 0.047324 0.113156
v -0.287574 0.047966 0.120646
v -0.321302 0.089030 0.129618
v -0.285857 0.091268 0.146165
v -0.309472 0.068900 0.128028
v -0.321933 0.093133 0.129344
v -0.266793 0.071358 0.119713
v -0.287147 0.049913 0.117924
v -0.246417 0.016318 0.089623
v -0.261625 0.111788 0.123339
v -0.235772 0.077132 0.118177
v -0.226737 0.128222 0.113921
# num_vertices: 1571

vt 0.000000 0.894700
vt 0.000000 1.000000
vt 0.052600 0.894700
vt 0.052600 1.000000
vt 0.105300 0.894700
vt 0.105300 1.000000
vt 0.157900 0.894700
vt 0.157900 1.000000
vt 0.210500 0.894700
vt 0.210500 1.000000
vt 0.263200 0.894700
vt 0.263200 1.000000
vt 0.315800 0.894700
vt 0.315800 1.000000
vt 0.368400 0.894700
vt 0.368400 1.000000
vt 0.421100 0.894700
vt 0.421100 1.000000
vt 0.473700 0.894700
vt 0.473700 1.000000
vt 0.526300 0.894700
vt 0.526300 1.000000
vt 0.578900 0.894700
vt 0.578900 1.000000
vt 0.631600 0.894700
vt 0.631600 1.000000
vt 0.684200 0.894700
vt 0.684200 1.000000
vt 0.736800 0.894700
vt 0.736800 1.000000
vt 0.789500 0.894700
vt 0.789500 1.000000
vt 0.842100 0.894700
vt 0.842100 1.000000
vt 0.894700 0.894700
vt 0.894700 1.000000
vt 0.947400 0.894700
vt 0.947400 1.000000
vt 1.000000 0.894700
vt 0.000000 0.789500
vt 0.000000 0.894700
vt 0.052600 0.789500
vt 0.105300 0.789500
vt 0.157900 0.789500
vt 0.210500 0.789500
vt 0.315800 0.789500
vt 0.263200 0.789500
vt 0.368400 0.789500
vt 0.421100 0.789500
vt 0.526300 0.789500
vt 0.473700 0.789500
vt 0.578900 0.789500
vt 0.631600 0.789500
vt 0.684200 0.789500
vt 0.736800 0.789500
vt 0.789500 0.789500
vt 0.894700 0.789500
vt 0.842100 0.789500
vt 0.947400 0.789500
vt 1.000000 0.789500
vt 0.000000 0.684200
vt 0.105300 0.684200
vt 0.052600 0.684200
vt 0.157900 0.684200
vt 0.263200 0.684200
vt 0.210500 0.684200
vt 0.315800 0.684200
vt 0.421100 0.684200
vt 0.368400 0.684200
vt 0.473700 0.684200
vt 0.578900 0.684200
vt 0.526300 0.684200
vt 0.684200 0.684200
vt 0.631600 0.684200
vt 0.736800 0.684200
vt 0.789500 0.684200
vt 0.842100 0.684200
vt 0.947400 0.684200
vt 0.894700 0.684200
vt 1.000000 0.684200
vt 0.052600 0.578900
vt 0.000000 0.578900
vt 0.157900 0.578900
vt 0.105300 0.578900
vt 0.263200 0.578900
vt 0.210500 0.578900
vt 0.368400 0.578900
vt 0.315800 0.578900
vt 0.473700 0.578900
vt 0.421100 0.578900
vt 0.526300 0.578900
vt 0.578900 0.578900
vt 0.684200 0.578900
vt 0.631600 0.578900
vt 0.736800 0.578900
vt 0.789500 0.578900
vt 0.842100 0.578900
vt 0.894700 0.578900
vt 1.000000 0.578900
vt 0.947400 0.578900
vt 0.000000 0.473700
vt 0.052600 0.473700
vt 0.157900 0.473700
vt 0.105300 0.473700
vt 0.210500 0.473700
vt 0.263200 0.473700
vt 0.368400 0.473700
vt 0.315800 0.473700
vt 0.473700 0.473700
vt 0.421100 0.473700
vt 0.526300 0.473700
vt 0.578900 0.473700
vt 0.631600 0.473700
vt 0.736800 0.473700
vt 0.684200 0.473700
vt 0.789500 0.473700
vt 0.842100 0.473700
vt 0.947400 0.473700
vt 0.894700 0.473700
vt 1.000000 0.473700
vt 0.052600 0.368400
vt 0.000000 0.368400
vt 0.105300 0.368400
vt 0.157900 0.368400
vt 0.263200 0.368400
vt 0.210500 0.368400
vt 0.315800 0.368400
vt 0.421100 0.368400
vt 0.368400 0.368400
vt 0.526300 0.368400
vt 0.473700 0.368400
vt 0.578900 0.368400
vt 0.631600 0.368400
vt 0.736800 0.368400
vt 0.684200 0.368400
vt 0.789500 0.368400
vt 0.842100 0.368400
vt 0.947400 0.368400
vt 0.894700 0.368400
vt 1.000000 0.368400
vt 0.000000 0.263200
vt 0.052600 0.263200
vt 0.157900 0.263200
vt 0.105300 0.263200
vt 0.263200 0.263200
vt 0.210500 0.263200
vt 0.368400 0.263200
vt 0.315800 0.263200
vt 0.421100 0.263200
vt 0.473700 0.263200
vt 0.578900 0.263200
vt 0.526300 0.263200
vt 0.684200 0.263200
vt 0.631600 0.263200
vt 0.736800 0.263200
vt 0.789500 0.263200
vt 0.894700 0.263200
vt 0.842100 0.263200
vt 0.947400 0.263200
vt 0.052600 0.157900
vt 0.000000 0.157900
vt 0.105300 0.157900
vt 0.157900 0.157900
vt 0.210500 0.157900
vt 0.315800 0.157900
vt 0.263200 0.157900
vt 0.368400 0.157900
vt 0.473700 0.157900
vt 0.421100 0.157900
vt 0.578900 0.157900
vt 0.526300 0.157900
vt 0.684200 0.157900
vt 0.631600 0.157900
vt 0.736800 0.157900
vt 0.789500 0.157900
vt 0.894700 0.157900
vt 0.842100 0.157900
vt 0.947400 0.157900
vt 1.000000 0.157900
vt 0.000000 0.052600
vt 0.052600 0.052600
vt 0.105300 0.052600
vt 0.157900 0.052600
vt 0.210500 0.052600
vt 0.263200 0.052600
vt 0.315800 0.052600
vt 0.368400 0.052600
vt 0.421100 0.052600
vt 0.473700 0.052600
vt 0.526300 0.052600
vt 0.578900 0.052600
vt 0.631600 0.052600
vt 0.684200 0.052600
vt 0.736800 0.052600
vt 0.789500 0.052600
vt 0.842100 0.052600
vt 0.894700 0.052600
vt 0.947400 0.052600
vt 1.000000 0.263200
vt 0.000000 0.894700
vt 0.000000 1.000000
vt 0.052600 0.894700
vt 0.052600 1.000000
vt 0.105300 0.894700
vt 0.105300 1.000000
vt 0.157900 0.894700
vt 0.157900 1.000000
vt 0.210500 0.894700
vt 0.210500 1.000000
vt 0.263200 0.894700
vt 0.263200 1.000000
vt 0.315800 0.894700
vt 0.315800 1.000000
vt 0.368400 0.894700
vt 0.368400 1.000000
vt 0.421100 0.894700
vt 0.421100 1.000000
vt 0.473700 0.894700
vt 0.473700 1.000000
vt 0.526300 0.894700
vt 0.526300 1.000000
vt 0.578900 0.894700
vt 0.578900 1.000000
vt 0.631600 0.894700
vt 0.631600 1.000000
vt 0.684200 0.894700
vt 0.684200 1.000000
vt 0.736800 0.894700
vt 0.736800 1.000000
vt 0.789500 0.894700
vt 0.789500 1.000000
vt 0.842100 0.894700
vt 0.842100 1.000000
vt 0.894700 0.894700
vt 0.894700 1.000000
vt 0.947400 0.894700
vt 0.947400 1.000000
vt 1.000000 0.894700
vt 0.000000 0.789500
vt 0.105300 0.789500
vt 0.052600 0.789500
vt 0.157900 0.789500
vt 0.210500 0.789500
vt 0.263200 0.789500
vt 0.368400 0.789500
vt 0.315800 0.789500
vt 0.473700 0.789500
vt 0.421100 0.789500
vt 0.526300 0.789500
vt 0.631600 0.789500
vt 0.578900 0.789500
vt 0.684200 0.789500
vt 0.736800 0.789500
vt 0.789500 0.789500
vt 0.894700 0.789500
vt 0.842100 0.789500
vt 1.000000 0.789500
vt 0.947400 0.789500
vt 0.000000 0.684200
vt 0.105300 0.684200
vt 0.052600 0.684200
vt 0.157900 0.684200
vt 0.210500 0.684200
vt 0.315800 0.684200
vt 0.263200 0.684200
vt 0.368400 0.684200
vt 0.473700 0.684200
vt 0.421100 0.684200
vt 0.526300 0.684200
vt 0.631600 0.684200
vt 0.578900 0.684200
vt 0.684200 0.684200
vt 0.789500 0.684200
vt 0.736800 0.684200
vt 0.894700 0.684200
vt 0.842100 0.684200
vt 1.000000 0.684200
vt 0.947400 0.684200
vt 0.052600 0.578900
vt 0.000000 0.578900
vt 0.157900 0.578900
vt 0.105300 0.578900
vt 0.210500 0.578900
vt 0.263200 0.578900
vt 0.315800 0.578900
vt 0.368400 0.578900
vt 0.421100 0.578900
vt 0.473700 0.578900
vt 0.526300 0.578900
vt 0.631600 0.578900
vt 0.578900 0.578900
vt 0.684200 0.578900
vt 0.736800 0.578900
vt 0.842100 0.578900
vt 0.789500 0.578900
vt 0.894700 0.578900
vt 0.947400 0.578900
vt 0.000000 0.473700
vt 0.052600 0.473700
vt 0.105300 0.473700
vt 0.210500 0.473700
vt 0.157900 0.473700
vt 0.263200 0.473700
vt 0.315800 0.473700
vt 0.421100 0.473700
vt 0.368400 0.473700
vt 0.473700 0.473700
vt 0.526300 0.473700
vt 0.631600 0.473700
vt 0.578900 0.473700
vt 0.684200 0.473700
vt 0.736800 0.473700
vt 0.789500 0.473700
vt 0.842100 0.473700
vt 0.894700 0.473700
vt 1.000000 0.578900
vt 0.947400 0.473700
vt 0.052600 0.368400
vt 0.000000 0.368400
vt 0.105300 0.368400
vt 0.157900 0.368400
vt 0.210500 0.368400
vt 0.263200 0.368400
vt 0.368400 0.368400
vt 0.315800 0.368400
vt 0.421100 0.368400
vt 0.473700 0.368400
vt 0.526300 0.368400
vt 0.631600 0.368400
vt 0.578900 0.368400
vt 0.684200 0.368400
vt 0.789500 0.368400
vt 0.736800 0.368400
vt 0.842100 0.368400
vt 0.947400 0.368400
vt 0.894700 0.368400
vt 1.000000 0.368400
vt 0.000000 0.263200
vt 0.105300 0.263200
vt 0.052600 0.263200
vt 0.157900 0.263200
vt 0.210500 0.263200
vt 0.263200 0.263200
vt 0.368400 0.263200
vt 0.315800 0.263200
vt 0.421100 0.263200
vt 0.473700 0.263200
vt 0.578900 0.263200
vt 0.526300 0.263200
vt 0.631600 0.263200
vt 0.736800 0.263200
vt 0.684200 0.263200
vt 0.842100 0.263200
vt 0.789500 0.263200
vt 0.894700 0.263200
vt 0.947400 0.263200
vt 0.000000 0.157900
vt 0.105300 0.157900
vt 0.052600 0.157900
vt 0.157900 0.157900
vt 0.210500 0.157900
vt 0.315800 0.157900
vt 0.263200 0.157900
vt 0.368400 0.157900
vt 0.421100 0.157900
vt 0.473700 0.157900
vt 0.578900 0.157900
vt 0.526300 0.157900
vt 0.631600 0.157900
vt 0.736800 0.157900
vt 0.684200 0.157900
vt 0.842100 0.157900
vt 0.789500 0.157900
vt 0.894700 0.157900
vt 0.947400 0.157900
vt 1.000000 0.263200
vt 0.000000 0.052600
vt 0.052600 0.052600
vt 0.105300 0.052600
vt 0.157900 0.052600
vt 0.210500 0.052600
vt 0.263200 0.052600
vt 0.315800 0.052600
vt 0.368400 0.052600
vt 0.421100 0.052600
vt 0.473700 0.052600
vt 0.526300 0.052600
vt 0.578900 0.052600
vt 0.631600 0.052600
vt 0.684200 0.052600
vt 0.736800 0.052600
vt 0.789500 0.052600
vt 0.842100 0.052600
vt 0.894700 0.052600
vt 1.000000 0.157900
vt 0.947400 0.052600
vt 1.000000 0.473700
vt 0.802400 0.405900
vt 0.772700 0.405100
vt 0.715000 0.398500
vt 0.845600 0.036000
vt 0.755100 0.086300
vt 0.769500 0.022400
vt 0.811100 0.159300
vt 0.765600 0.196200
vt 0.761700 0.142500
vt 0.808100 0.227800
vt 0.757600 0.250400
vt 0.753000 0.364000
vt 0.798500 0.332900
vt 0.822700 0.120900
vt 0.689900 0.054100
vt 0.694100 0.186800
vt 0.707000 0.247200
vt 0.711900 0.358400
vt 0.689800 0.142900
vt 0.619000 0.189100
vt 0.648200 0.269700
vt 0.670200 0.331000
vt 0.663600 0.401400
vt 0.616500 0.142900
vt 0.614700 0.020200
vt 0.620200 0.059400
vt 0.579600 0.155100
vt 0.585700 0.214900
vt 0.601300 0.262400
vt 0.620100 0.399400
vt 0.562600 0.081700
vt 0.618300 0.340200
vt 0.460400 0.195500
vt 0.473200 0.256100
vt 0.494600 0.392100
vt 0.444900 0.128900
vt 0.426600 0.068400
vt 0.560600 0.039800
vt 0.488500 0.328700
vt 0.277200 0.249000
vt 0.360300 0.199400
vt 0.364600 0.223500
vt 0.369200 0.252300
vt 0.279900 0.293700
vt 0.382600 0.356600
vt 0.285500 0.382200
vt 0.383200 0.386800
vt 0.376600 0.310000
vt 0.267000 0.137700
vt 0.343500 0.079800
vt 0.347700 0.102700
vt 0.351700 0.133500
vt 0.260500 0.091100
vt 0.336800 0.033000
vt 0.341300 0.057500
vt 0.423800 0.023200
vt 0.371300 0.275900
vt 0.022100 0.208400
vt 0.270600 0.202900
vt 0.021700 0.245900
vt 0.026400 0.362700
vt 0.020900 0.149900
vt 0.014100 0.115000
vt 0.255000 0.042300
vt 0.023400 0.288700
vt 0.675900 0.793500
vt 0.794800 0.711800
vt 0.678800 0.738900
vt 0.800300 0.666100
vt 0.675700 0.702100
vt 0.797200 0.615500
vt 0.673200 0.660200
vt 0.665400 0.582500
vt 0.772300 0.575900
vt 0.745700 0.805400
vt 0.773600 0.769600
vt 0.673100 0.552100
vt 0.697600 0.494000
vt 0.666200 0.508100
vt 0.741100 0.543300
vt 0.722300 0.512700
vt 0.613100 0.717500
vt 0.595700 0.660500
vt 0.598900 0.593500
vt 0.599500 0.777300
vt 0.661200 0.833300
vt 0.606900 0.552000
vt 0.584300 0.514000
vt 0.531700 0.718200
vt 0.493000 0.659000
vt 0.492900 0.581100
vt 0.550900 0.822200
vt 0.516800 0.780300
vt 0.520800 0.539600
vt 0.550900 0.513200
vt 0.462900 0.718700
vt 0.424600 0.653200
vt 0.424000 0.593600
vt 0.483400 0.820800
vt 0.447300 0.776100
vt 0.451200 0.544900
vt 0.483400 0.511800
vt 0.377900 0.715400
vt 0.339800 0.661900
vt 0.340000 0.592300
vt 0.399600 0.826600
vt 0.363100 0.774100
vt 0.368000 0.541100
vt 0.399600 0.517600
vt 0.309600 0.715300
vt 0.271900 0.657700
vt 0.273800 0.594800
vt 0.331000 0.819400
vt 0.294400 0.771900
vt 0.299100 0.546500
vt 0.331000 0.510500
vt 0.200200 0.727300
vt 0.178900 0.666600
vt 0.185500 0.602500
vt 0.212300 0.827600
vt 0.208300 0.768800
vt 0.211500 0.542000
vt 0.212300 0.518600
vt 0.141800 0.766900
vt 0.095900 0.716900
vt 0.073300 0.661400
vt 0.131000 0.591100
vt 0.119200 0.804600
vt 0.122600 0.846900
vt 0.144400 0.810700
vt 0.159100 0.820900
vt 0.107000 0.793900
vt 0.159500 0.802300
vt 0.034300 0.756500
vt 0.016500 0.720000
vt -0.005600 0.655800
vt 0.074900 0.588200
vt 0.056100 0.803800
vt 0.108200 0.564500
vt 0.147000 0.554800
vt 0.108200 0.873500
vt 0.003700 0.838900
vt 0.159100 0.511900
vt 0.157500 0.891400
vt 0.237700 0.901500
vt 0.122600 0.538000
vt 0.105300 0.592300
vt 0.147000 0.863700
vt 0.893300 0.127600
vt 0.911000 0.281400
vt 0.796700 0.278700
vt 0.906700 0.403300
vt 0.911100 0.187400
vt 0.907400 0.374100
vt 0.021600 0.152400
vt 0.239800 0.188200
vt 0.246800 0.142900
vt 0.022000 0.244100
vt 0.234100 0.238800
vt 0.023100 0.288900
vt 0.229800 0.323600
vt 0.235400 0.306700
vt 0.014600 0.113200
vt 0.405100 0.216400
vt 0.418300 0.195400
vt 0.401200 0.260400
vt 0.395100 0.311100
vt 0.400700 0.294300
vt 0.548500 0.244300
vt 0.546200 0.276600
vt 0.533700 0.325300
vt 0.539300 0.308400
vt 0.707100 0.357800
vt 0.755100 0.086300
vt 0.765600 0.196200
vt 0.811100 0.159300
vt 0.761700 0.142500
vt 0.757600 0.250400
vt 0.808100 0.227800
vt 0.798500 0.332900
vt 0.753000 0.364000
vt 0.822700 0.120900
vt 0.689900 0.054100
vt 0.694100 0.186800
vt 0.707000 0.247200
vt 0.711900 0.358400
vt 0.689800 0.142900
vt 0.619000 0.189100
vt 0.648200 0.269700
vt 0.670200 0.331000
vt 0.616500 0.142900
vt 0.684400 0.014900
vt 0.585700 0.214900
vt 0.601300 0.262400
vt 0.620200 0.059400
vt 0.579600 0.155100
vt 0.562600 0.081700
vt 0.618300 0.340200
vt 0.460400 0.195500
vt 0.473200 0.256100
vt 0.444900 0.128900
vt 0.426600 0.068400
vt 0.488500 0.328700
vt 0.360300 0.199400
vt 0.277200 0.249000
vt 0.364600 0.223500
vt 0.369200 0.252300
vt 0.279900 0.293700
vt 0.382600 0.356600
vt 0.376600 0.310000
vt 0.343500 0.079800
vt 0.267000 0.137700
vt 0.347700 0.102700
vt 0.351700 0.133500
vt 0.260500 0.091100
vt 0.341300 0.057500
vt 0.371300 0.275900
vt 0.022100 0.208400
vt 0.270600 0.202900
vt 0.020900 0.149900
vt 0.023400 0.288700
vt 0.675900 0.793500
vt 0.794800 0.711800
vt 0.773600 0.769600
vt 0.678800 0.738900
vt 0.800300 0.666100
vt 0.675700 0.702100
vt 0.797200 0.615500
vt 0.665400 0.582500
vt 0.772300 0.575900
vt 0.745700 0.805400
vt 0.673100 0.552100
vt 0.696700 0.495700
vt 0.722300 0.512700
vt 0.741100 0.543300
vt 0.613100 0.717500
vt 0.673200 0.660200
vt 0.598900 0.593500
vt 0.661200 0.833300
vt 0.599500 0.777300
vt 0.606900 0.552000
vt 0.666200 0.508100
vt 0.531700 0.718200
vt 0.595700 0.660500
vt 0.492900 0.581100
vt 0.550900 0.822200
vt 0.584300 0.823000
vt 0.520800 0.539600
vt 0.550900 0.513200
vt 0.584300 0.514000
vt 0.516800 0.780300
vt 0.462900 0.718700
vt 0.493000 0.659000
vt 0.424000 0.593600
vt 0.483400 0.820800
vt 0.451200 0.544900
vt 0.483400 0.511800
vt 0.447300 0.776100
vt 0.377900 0.715400
vt 0.424600 0.653200
vt 0.340000 0.592300
vt 0.399600 0.826600
vt 0.368000 0.541100
vt 0.399600 0.517600
vt 0.363100 0.774100
vt 0.309600 0.715300
vt 0.339800 0.661900
vt 0.271900 0.657700
vt 0.331000 0.819400
vt 0.299100 0.546500
vt 0.331000 0.510500
vt 0.294400 0.771900
vt 0.200200 0.727300
vt 0.185500 0.602500
vt 0.273800 0.594800
vt 0.212300 0.827600
vt 0.211500 0.542000
vt 0.212300 0.518600
vt 0.141800 0.766900
vt 0.208300 0.768800
vt 0.095900 0.716900
vt 0.178900 0.666600
vt 0.131000 0.591100
vt 0.119200 0.804600
vt 0.144400 0.810700
vt 0.122600 0.846900
vt 0.159100 0.820900
vt 0.107000 0.793900
vt 0.159500 0.802300
vt 0.034300 0.756500
vt 0.016500 0.720000
vt 0.073300 0.661400
vt 0.074900 0.588200
vt 0.056100 0.803800
vt 0.108200 0.564500
vt 0.147000 0.554800
vt 0.108200 0.873500
vt 0.147000 0.863700
vt 0.003700 0.838900
vt -0.005600 0.655800
vt 0.159100 0.511900
vt 0.211500 0.851000
vt 0.157500 0.891400
vt 0.237700 0.901500
vt 0.168500 0.902100
vt 0.122600 0.538000
vt 0.911000 0.281400
vt 0.911100 0.187400
vt 0.796700 0.278700
vt 0.907400 0.374100
vt 0.893900 0.127200
vt 0.911200 0.281500
vt 0.021600 0.152400
vt 0.239800 0.188200
vt 0.022300 0.206600
vt 0.022000 0.244100
vt 0.234100 0.238800
vt 0.023100 0.288900
vt 0.026400 0.365000
vt 0.235400 0.306700
vt 0.405100 0.216400
vt 0.401200 0.260400
vt 0.400700 0.294300
vt 0.546200 0.276600
vt 0.539300 0.308400
vt 0.585200 0.926700
vt 0.609900 0.922400
vt 0.590300 0.966700
vt 0.579900 0.896000
vt 0.582300 0.863800
vt 0.585200 0.926700
vt 0.541700 0.933400
vt 0.541900 0.964500
vt 0.541500 0.904000
vt 0.539100 0.879000
vt 0.541700 0.933400
vt 0.510700 0.935700
vt 0.511000 0.975700
vt 0.506600 0.897700
vt 0.507800 0.866900
vt 0.510700 0.935700
vt 0.376500 0.983900
vt 0.378700 0.936000
vt 0.377200 0.897400
vt 0.374800 0.868000
vt 0.378700 0.936000
vt 0.269800 0.934300
vt 0.267100 0.986800
vt 0.269200 0.894100
vt 0.266800 0.870700
vt 0.269800 0.934300
vt 0.162400 0.934900
vt 0.159500 0.985800
vt 0.161900 0.901700
vt 0.159500 0.873800
vt 0.162400 0.934900
vt -0.004100 0.926700
vt 0.585200 0.926700
vt 0.609900 0.922400
vt 0.590300 0.966700
vt 0.579900 0.896000
vt 0.582300 0.863800
vt 0.585200 0.926700
vt 0.541900 0.964500
vt 0.541700 0.933400
vt 0.541500 0.904000
vt 0.539100 0.879000
vt 0.541700 0.933400
vt 0.511000 0.975700
vt 0.510700 0.935700
vt 0.506600 0.897700
vt 0.507800 0.866900
vt 0.510700 0.935700
vt 0.378700 0.936000
vt 0.376500 0.983900
vt 0.377200 0.897400
vt 0.374800 0.868000
vt 0.378700 0.936000
vt 0.267100 0.986800
vt 0.269800 0.934300
vt 0.269200 0.894100
vt 0.266800 0.870700
vt 0.269800 0.934300
vt 0.162400 0.934900
vt 0.159500 0.985800
vt 0.161900 0.901700
vt 0.159500 0.873800
vt 0.162400 0.934900
vt -0.004100 0.926700
vt 0.585200 0.926700
vt 0.609900 0.922400
vt 0.590300 0.966700
vt 0.579900 0.896000
vt 0.582300 0.863800
vt 0.585200 0.926700
vt 0.541700 0.933400
vt 0.541900 0.964500
vt 0.541500 0.904000
vt 0.539100 0.879000
vt 0.541700 0.933400
vt 0.511000 0.975700
vt 0.510700 0.935700
vt 0.506600 0.897700
vt 0.507800 0.866900
vt 0.510700 0.935700
vt 0.376500 0.983900
vt 0.378700 0.936000
vt 0.377200 0.897400
vt 0.374800 0.868000
vt 0.378700 0.936000
vt 0.269800 0.934300
vt 0.267100 0.986800
vt 0.269200 0.894100
vt 0.266800 0.870700
vt 0.269800 0.934300
vt 0.162400 0.934900
vt 0.159500 0.985800
vt 0.161900 0.901700
vt 0.159500 0.873800
vt 0.162400 0.934900
vt -0.004100 0.926700
vt 0.609900 0.922400
vt 0.585200 0.926700
vt 0.590300 0.966700
vt 0.579900 0.896000
vt 0.582300 0.863800
vt 0.585200 0.926700
vt 0.541700 0.933400
vt 0.541900 0.964500
vt 0.539100 0.879000
vt 0.541500 0.904000
vt 0.541700 0.933400
vt 0.511000 0.975700
vt 0.510700 0.935700
vt 0.507800 0.866900
vt 0.506600 0.897700
vt 0.510700 0.935700
vt 0.376500 0.983900
vt 0.378700 0.936000
vt 0.374800 0.868000
vt 0.377200 0.897400
vt 0.378700 0.936000
vt 0.269800 0.934300
vt 0.267100 0.986800
vt 0.269200 0.894100
vt 0.266800 0.870700
vt 0.269800 0.934300
vt 0.162400 0.934900
vt 0.159500 0.985800
vt 0.161900 0.901700
vt 0.159500 0.873800
vt 0.162400 0.934900
vt -0.004100 0.926700
vt 0.609900 0.922400
vt 0.585200 0.926700
vt 0.590300 0.966700
vt 0.579900 0.896000
vt 0.582300 0.863800
vt 0.585200 0.926700
vt 0.541900 0.964500
vt 0.541500 0.904000
vt 0.541700 0.933400
vt 0.539100 0.879000
vt 0.541700 0.933400
vt 0.511000 0.975700
vt 0.510700 0.935700
vt 0.507800 0.866900
vt 0.506600 0.897700
vt 0.510700 0.935700
vt 0.378700 0.936000
vt 0.376500 0.983900
vt 0.377200 0.897400
vt 0.378700 0.936000
vt 0.374800 0.868000
vt 0.269800 0.934300
vt 0.267100 0.986800
vt 0.269200 0.894100
vt 0.266800 0.870700
vt 0.269800 0.934300
vt 0.162400 0.934900
vt 0.159500 0.985800
vt 0.161900 0.901700
vt 0.162400 0.934900
vt 0.159500 0.873800
vt -0.004100 0.926700
vt 0.609900 0.922400
vt 0.585200 0.926700
vt 0.590300 0.966700
vt 0.579900 0.896000
vt 0.582300 0.863800
vt 0.585200 0.926700
vt 0.541700 0.933400
vt 0.541900 0.964500
vt 0.541500 0.904000
vt 0.539100 0.879000
vt 0.541700 0.933400
vt 0.510700 0.935700
vt 0.511000 0.975700
vt 0.506600 0.897700
vt 0.510700 0.935700
vt 0.507800 0.866900
vt 0.376500 0.983900
vt 0.377200 0.897400
vt 0.378700 0.936000
vt 0.374800 0.868000
vt 0.378700 0.936000
vt 0.269800 0.934300
vt 0.267100 0.986800
vt 0.269200 0.894100
vt 0.266800 0.870700
vt 0.269800 0.934300
vt 0.162400 0.934900
vt 0.159500 0.985800
vt 0.161900 0.901700
vt 0.159500 0.873800
vt 0.162400 0.934900
vt -0.004100 0.926700
vt 0.584300 0.823000
vt 0.145900 0.548500
vt 0.211500 0.851000
vt 0.168500 0.902100
vt 0.911200 0.281500
vt 0.022300 0.206600
vt 0.021700 0.245900
vt 0.145500 0.548300
vt 0.105300 0.592300
vt 0.421100 0.611800
vt 0.356800 0.545500
vt 0.435900 0.545700
vt 0.365600 0.606000
vt 0.351100 0.610500
vt 0.480000 0.603900
vt 0.504400 0.574400
vt 0.359400 0.545100
vt 0.436000 0.544600
vt 0.504400 0.506500
vt 0.560500 0.544200
vt 0.458800 0.521700
vt 0.370600 0.501600
vt 0.491000 0.406000
vt 0.454900 0.406900
vt 0.463200 0.359400
vt 0.395800 0.367300
vt 0.357000 0.417300
vt 0.375100 0.377700
vt 0.451100 0.246200
vt 0.400900 0.249400
vt 0.271900 0.604400
vt 0.243900 0.591300
vt 0.330100 0.610500
vt 0.226400 0.545100
vt 0.339100 0.536100
vt 0.269000 0.557100
vt 0.271200 0.483100
vt 0.258600 0.503000
vt 0.297200 0.509300
vt 0.336000 0.485800
vt 0.094300 0.432700
vt 0.139500 0.485000
vt 0.106700 0.385900
vt 0.842100 0.670600
vt 0.763400 0.624500
vt 0.755100 0.657300
vt 0.334700 0.400100
vt 0.216500 0.194200
vt 0.254000 0.239500
vt 0.296300 0.204800
vt 0.316600 0.383300
vt 0.349000 0.351400
vt 0.326600 0.332300
vt 0.368300 0.250700
vt 0.246100 0.479900
vt 0.278700 0.460300
vt 0.480700 0.203300
vt 0.415900 0.104900
vt 0.581500 0.102200
vt 0.272900 0.400200
vt 0.314400 0.438400
vt 0.591400 0.183100
vt 0.629300 0.101200
vt 0.163400 0.534200
vt 0.192000 0.503100
vt 0.218200 0.422700
vt 0.634400 0.174000
vt 0.653100 0.102500
vt 0.093300 0.507800
vt 0.303800 0.322300
vt 0.345100 0.246200
vt 0.342800 0.190700
vt 0.430300 0.204300
vt 0.275000 0.265300
vt 0.313600 0.232300
vt 0.267600 0.175600
vt 0.281700 0.105300
vt 0.290700 0.350200
vt 0.266000 0.314500
vt 0.199000 0.165500
vt 0.130100 0.106500
vt 0.567400 0.488000
vt 0.610500 0.510200
vt 0.536800 0.433700
vt 0.507900 0.282700
vt 0.495700 0.357800
vt 0.610800 0.438700
vt 0.605400 0.554900
vt 0.650500 0.543700
vt 0.593300 0.312600
vt 0.702500 0.480400
vt 0.689000 0.519900
vt 0.679600 0.292600
vt 0.586300 0.270900
vt 0.686400 0.382700
vt 0.771400 0.479000
vt 0.765000 0.519200
vt 0.777300 0.199600
vt 0.767300 0.296400
vt 0.771000 0.389800
vt 0.748600 0.678500
vt 0.710200 0.657500
vt 0.739300 0.628200
vt 0.292800 0.482500
vt 0.304400 0.491000
vt 0.337900 0.485500
vt 0.315500 0.466600
vt 0.301100 0.470600
vt 0.381000 0.476600
vt 0.438200 0.496500
vt 0.438000 0.423500
vt 0.380300 0.422800
vt 0.421200 0.475600
vt 0.425900 0.439300
vt 0.393000 0.438200
vt 0.391500 0.469100
vt 0.409300 0.461600
vt 0.412600 0.456800
vt 0.404000 0.456700
vt 0.403600 0.461200
vt 0.869300 0.910300
vt 0.953300 0.972600
vt 0.871000 0.982300
vt 0.869600 0.910600
vt 0.952600 0.788400
vt 0.884700 0.801300
vt 0.948600 0.790500
vt 0.952700 0.899200
vt 0.799200 0.904400
vt 0.793100 0.984200
vt 0.795500 0.904600
vt 0.797300 0.806300
vt 0.691400 0.905600
vt 0.684200 0.987000
vt 0.692500 0.907400
vt 0.707700 0.799200
vt 0.549200 0.875400
vt 0.422400 0.609900
vt 0.418100 0.638000
vt 0.470900 0.631300
vt 0.419800 0.637000
vt 0.365700 0.660600
vt 0.356100 0.632200
vt 0.416900 0.659500
vt 0.459600 0.653800
vt 0.838200 0.896500
vt 0.969900 0.833500
vt 0.978500 0.902300
vt 0.821800 0.898100
vt 0.952800 0.903800
vt 0.832000 0.986100
vt 0.981500 0.983900
vt 0.747000 0.838300
vt 0.835300 0.846700
vt 0.745100 0.895600
vt 0.733200 0.897100
vt 0.653800 0.891200
vt 0.645200 0.892700
vt 0.733500 0.971900
vt 0.533100 0.875100
vt 0.657800 0.849000
vt 0.645000 0.903300
vt 0.205000 0.460100
vt 0.421100 0.611800
vt 0.365600 0.606000
vt 0.351100 0.610500
vt 0.480000 0.603900
vt 0.359400 0.545100
vt 0.436000 0.544600
vt 0.504400 0.506500
vt 0.458800 0.521700
vt 0.370600 0.501600
vt 0.491000 0.406000
vt 0.454900 0.406900
vt 0.463200 0.359400
vt 0.357000 0.417300
vt 0.395800 0.367300
vt 0.375100 0.377700
vt 0.271900 0.604400
vt 0.330100 0.610500
vt 0.269000 0.557100
vt 0.339100 0.536100
vt 0.271200 0.483100
vt 0.297200 0.509300
vt 0.336000 0.485800
vt 0.139500 0.485000
vt 0.106700 0.385900
vt 0.755100 0.657300
vt 0.763400 0.624500
vt 0.842100 0.670600
vt 0.334700 0.400100
vt 0.254000 0.239500
vt 0.349000 0.351400
vt 0.316600 0.383300
vt 0.326600 0.332300
vt 0.246100 0.479900
vt 0.278700 0.460300
vt 0.480700 0.203300
vt 0.272900 0.400200
vt 0.314400 0.438400
vt 0.591400 0.183100
vt 0.192000 0.503100
vt 0.218200 0.422700
vt 0.303800 0.322300
vt 0.342800 0.190700
vt 0.430300 0.204300
vt 0.275000 0.265300
vt 0.267600 0.175600
vt 0.290700 0.350200
vt 0.199000 0.165500
vt 0.266000 0.314500
vt 0.567400 0.488000
vt 0.610500 0.510200
vt 0.536800 0.433700
vt 0.495700 0.357800
vt 0.610800 0.438700
vt 0.593300 0.312600
vt 0.702500 0.480400
vt 0.679600 0.292600
vt 0.686400 0.382700
vt 0.771400 0.479000
vt 0.660600 0.239100
vt 0.767300 0.296400
vt 0.748600 0.678500
vt 0.710200 0.657500
vt 0.739300 0.628200
vt 0.292800 0.482500
vt 0.337900 0.485500
vt 0.301100 0.470600
vt 0.381000 0.476600
vt 0.438200 0.496500
vt 0.380300 0.422800
vt 0.421200 0.475600
vt 0.438000 0.423500
vt 0.425900 0.439300
vt 0.391500 0.469100
vt 0.409300 0.461600
vt 0.412600 0.456800
vt 0.393000 0.438200
vt 0.404000 0.456700
vt 0.869300 0.910300
vt 0.953300 0.972600
vt 0.952700 0.899200
vt 0.871000 0.982300
vt 0.952600 0.788400
vt 0.884700 0.801300
vt 0.948600 0.790500
vt 0.799200 0.904400
vt 0.793100 0.984200
vt 0.869600 0.910600
vt 0.797300 0.806300
vt 0.691400 0.905600
vt 0.692500 0.907400
vt 0.795500 0.904600
vt 0.707700 0.799200
vt 0.684200 0.987000
vt 0.549200 0.875400
vt 0.422400 0.609900
vt 0.418100 0.638000
vt 0.356100 0.632200
vt 0.470900 0.631300
vt 0.419800 0.637000
vt 0.365700 0.660600
vt 0.418300 0.657600
vt 0.416900 0.659500
vt 0.459600 0.653800
vt 0.838200 0.896500
vt 0.969900 0.833500
vt 0.835300 0.846700
vt 0.821800 0.898100
vt 0.952800 0.903800
vt 0.832000 0.986100
vt 0.978500 0.902300
vt 0.981500 0.983900
vt 0.747000 0.838300
vt 0.733200 0.897100
vt 0.745100 0.895600
vt 0.733500 0.971900
vt 0.653800 0.891200
vt 0.657800 0.849000
vt 0.645200 0.892700
vt 0.645000 0.903300
vt 0.533100 0.875100
vt 0.205000 0.460100
vt 0.178700 0.914200
vt 0.123900 0.777600
vt 0.179600 0.782100
vt 0.178700 0.914200
vt 0.072800 0.900300
vt 0.251400 0.901500
vt 0.179600 0.782100
vt 0.231700 0.779400
vt 0.178700 0.914200
vt 0.123900 0.777600
vt 0.179600 0.782100
vt 0.178700 0.914200
vt 0.072800 0.900300
vt 0.251400 0.901500
vt 0.179600 0.782100
vt 0.231700 0.779400
vt 0.178700 0.914200
vt 0.123900 0.777600
vt 0.179600 0.782100
vt 0.178700 0.914200
vt 0.072800 0.900300
vt 0.251400 0.901500
vt 0.179600 0.782100
vt 0.231700 0.779400
vt 0.178700 0.914200
vt 0.123900 0.777600
vt 0.179600 0.782100
vt 0.178700 0.914200
vt 0.072800 0.900300
vt 0.251400 0.901500
vt 0.179600 0.782100
vt 0.231700 0.779400
vt 0.178700 0.914200
vt 0.123900 0.777600
vt 0.179600 0.782100
vt 0.178700 0.914200
vt 0.072800 0.900300
vt 0.251400 0.901500
vt 0.179600 0.782100
vt 0.231700 0.779400
vt 0.178700 0.914200
vt 0.123900 0.777600
vt 0.179600 0.782100
vt 0.178700 0.914200
vt 0.072800 0.900300
vt 0.251400 0.901500
vt 0.179600 0.782100
vt 0.231700 0.779400
vt 0.178700 0.914200
vt 0.123900 0.777600
vt 0.179600 0.782100
vt 0.178700 0.914200
vt 0.072800 0.900300
vt 0.251400 0.901500
vt 0.179600 0.782100
vt 0.231700 0.779400
vt 0.178700 0.914200
vt 0.123900 0.777600
vt 0.179600 0.782100
vt 0.178700 0.914200
vt 0.072800 0.900300
vt 0.251400 0.901500
vt 0.179600 0.782100
vt 0.231700 0.779400
vt 0.178700 0.914200
vt 0.123900 0.777600
vt 0.179600 0.782100
vt 0.178700 0.914200
vt 0.072800 0.900300
vt 0.251400 0.901500
vt 0.179600 0.782100
vt 0.231700 0.779400
vt 0.178700 0.914200
vt 0.123900 0.777600
vt 0.179600 0.782100
vt 0.178700 0.914200
vt 0.072800 0.900300
vt 0.251400 0.901500
vt 0.179600 0.782100
vt 0.231700 0.779400
vt 0.178700 0.914200
vt 0.123900 0.777600
vt 0.179600 0.782100
vt 0.178700 0.914200
vt 0.072800 0.900300
vt 0.251400 0.901500
vt 0.179600 0.782100
vt 0.231700 0.779400
vt 0.178700 0.914200
vt 0.123900 0.777600
vt 0.179600 0.782100
vt 0.178700 0.914200
vt 0.072800 0.900300
vt 0.251400 0.901500
vt 0.179600 0.782100
vt 0.231700 0.779400
vt 0.178700 0.914200
vt 0.123900 0.777600
vt 0.179600 0.782100
vt 0.178700 0.914200
vt 0.072800 0.900300
vt 0.251400 0.901500
vt 0.179600 0.782100
vt 0.231700 0.779400
vt 0.178700 0.914200
vt 0.123900 0.777600
vt 0.179600 0.782100
vt 0.178700 0.914200
vt 0.072800 0.900300
vt 0.251400 0.901500
vt 0.179600 0.782100
vt 0.231700 0.779400
vt 0.178700 0.914200
vt 0.123900 0.777600
vt 0.179600 0.782100
vt 0.178700 0.914200
vt 0.072800 0.900300
vt 0.251400 0.901500
vt 0.179600 0.782100
vt 0.231700 0.779400
vt 0.178700 0.914200
vt 0.123900 0.777600
vt 0.179600 0.782100
vt 0.178700 0.914200
vt 0.072800 0.900300
vt 0.251400 0.901500
vt 0.179600 0.782100
vt 0.231700 0.779400
vt 0.178700 0.914200
vt 0.123900 0.777600
vt 0.179600 0.782100
vt 0.178700 0.914200
vt 0.072800 0.900300
vt 0.251400 0.901500
vt 0.179600 0.782100
vt 0.231700 0.779400
vt 0.178700 0.914200
vt 0.123900 0.777600
vt 0.179600 0.782100
vt 0.178700 0.914200
vt 0.072800 0.900300
vt 0.251400 0.901500
vt 0.179600 0.782100
vt 0.231700 0.779400
vt 0.178700 0.914200
vt 0.123900 0.777600
vt 0.179600 0.782100
vt 0.178700 0.914200
vt 0.072800 0.900300
vt 0.251400 0.901500
vt 0.179600 0.782100
vt 0.231700 0.779400
vt 0.178700 0.914200
vt 0.123900 0.777600
vt 0.179600 0.782100
vt 0.178700 0.914200
vt 0.072800 0.900300
vt 0.251400 0.901500
vt 0.179600 0.782100
vt 0.231700 0.779400
vt 0.245300 0.280000
vt 0.181600 0.103100
vt 0.418300 0.657600
vt 0.245300 0.280000
vt 0.634400 0.174000
vt 0.771000 0.389800
vt 0.304400 0.491000
vt 0.315500 0.466600
vt 0.403600 0.461200
vt 0.424700 0.033800
vt 0.283300 0.014700
vt 0.337500 0.021000
vt 0.385100 0.051000
vt 0.281700 0.081300
vt 0.351400 0.071700
vt 0.328100 0.107200
vt 0.444400 0.092600
vt 0.424400 0.033500
vt 0.465400 0.026200
vt 0.478200 0.084300
vt 0.463800 0.028100
vt 0.472600 0.026500
vt 0.480400 0.024800
vt 0.486400 0.025700
vt 0.497200 0.072000
vt 0.587300 0.015200
vt 0.226700 0.012000
vt 0.226000 0.012100
vt 0.283100 0.014300
vt 0.225400 0.141300
vt 0.281700 0.081800
vt 0.226100 0.141200
vt 0.265300 0.180300
vt 0.201100 0.247600
vt 0.234200 0.247500
vt 0.260000 0.183300
vt 0.306600 0.192200
vt 0.278300 0.297100
vt 0.231000 0.303100
vt 0.255100 0.302800
vt 0.161900 0.360300
vt 0.294700 0.294200
vt 0.273800 0.390300
vt 0.335300 0.373400
vt 0.236900 0.385400
vt 0.311300 0.375900
vt 0.355500 0.375400
vt 0.258100 0.516500
vt 0.407700 0.482000
vt 0.222900 0.526800
vt 0.320000 0.490000
vt 0.471300 0.467100
vt 0.292200 0.655900
vt 0.417500 0.580200
vt 0.245100 0.678200
vt 0.352600 0.618900
vt 0.481100 0.565300
vt 0.365600 0.716300
vt 0.192900 0.013800
vt 0.193200 0.014100
vt 0.165800 0.065200
vt 0.131200 0.006200
vt 0.131800 0.006300
vt 0.108100 0.060400
vt 0.072600 0.063700
vt 0.071800 0.012700
vt 0.072100 0.012800
vt 0.061000 0.007600
vt 0.061000 0.008000
vt 0.052700 0.065900
vt -0.002300 0.023900
vt 0.385100 0.051000
vt 0.351400 0.071700
vt 0.444400 0.092600
vt 0.465400 0.026200
vt 0.424700 0.033800
vt 0.478200 0.084300
vt 0.424400 0.033500
vt 0.472600 0.026500
vt 0.480400 0.024800
vt 0.463800 0.028100
vt 0.486400 0.025700
vt 0.497200 0.072000
vt 0.587300 0.015200
vt 0.385100 0.051000
vt 0.337500 0.021000
vt 0.283300 0.014700
vt 0.351400 0.071700
vt 0.281700 0.081300
vt 0.328100 0.107200
vt 0.444400 0.092600
vt 0.465400 0.026200
vt 0.424700 0.033800
vt 0.478200 0.084300
vt 0.424400 0.033500
vt 0.463800 0.028100
vt 0.480400 0.024800
vt 0.472600 0.026500
vt 0.486400 0.025700
vt 0.497200 0.072000
vt 0.587300 0.015200
vt 0.283100 0.014300
vt 0.226700 0.012000
vt 0.226000 0.012100
vt 0.225400 0.141300
vt 0.281700 0.081800
vt 0.226100 0.141200
vt 0.265300 0.180300
vt 0.234200 0.247500
vt 0.201100 0.247600
vt 0.260000 0.183300
vt 0.306600 0.192200
vt 0.278300 0.297100
vt 0.231000 0.303100
vt 0.161900 0.360300
vt 0.255100 0.302800
vt 0.294700 0.294200
vt 0.273800 0.390300
vt 0.335300 0.373400
vt 0.236900 0.385400
vt 0.311300 0.375900
vt 0.355500 0.375400
vt 0.258100 0.516500
vt 0.407700 0.482000
vt 0.222900 0.526800
vt 0.320000 0.490000
vt 0.471300 0.467100
vt 0.292200 0.655900
vt 0.417500 0.580200
vt 0.245100 0.678200
vt 0.352600 0.618900
vt 0.481100 0.565300
vt 0.365600 0.716300
vt 0.192900 0.013800
vt 0.165800 0.065200
vt 0.193200 0.014100
vt 0.131200 0.006200
vt 0.131800 0.006300
vt 0.108100 0.060400
vt 0.071800 0.012700
vt 0.072100 0.012800
vt 0.072600 0.063700
vt 0.061000 0.008000
vt 0.061000 0.007600
vt -0.002300 0.023900
vt 0.052700 0.065900
vt 0.424700 0.033800
vt 0.385100 0.051000
vt 0.351400 0.071700
vt 0.444400 0.092600
vt 0.424400 0.033500
vt 0.465400 0.026200
vt 0.478200 0.084300
vt 0.463800 0.028100
vt 0.472600 0.026500
vt 0.480400 0.024800
vt 0.486400 0.025700
vt 0.497200 0.072000
vt 0.587300 0.015200
vt 0.806300 0.675900
vt 0.667800 0.673900
vt 0.765200 0.532000
vt 0.834100 0.792900
vt 0.707300 0.811800
vt 0.881000 0.983500
vt 0.577100 0.778400
vt 0.606700 0.954100
vt 0.430600 0.929200
vt 0.806300 0.675900
vt 0.667800 0.673900
vt 0.765200 0.532000
vt 0.834100 0.792900
vt 0.707300 0.811800
vt 0.881000 0.983500
vt 0.577100 0.778400
vt 0.606700 0.954100
vt 0.430600 0.929200
vt 0.806300 0.675900
vt 0.667800 0.673900
vt 0.765200 0.532000
vt 0.707300 0.811800
vt 0.577100 0.778400
vt 0.606700 0.954100
vt 0.834100 0.792900
vt 0.881000 0.983500
vt 0.430600 0.929200
vt 0.806300 0.675900
vt 0.667800 0.673900
vt 0.765200 0.532000
vt 0.577100 0.778400
vt 0.707300 0.811800
vt 0.606700 0.954100
vt 0.834100 0.792900
vt 0.881000 0.983500
vt 0.430600 0.929200
vt 0.667800 0.673900
vt 0.806300 0.675900
vt 0.765200 0.532000
vt 0.834100 0.792900
vt 0.707300 0.811800
vt 0.881000 0.983500
vt 0.577100 0.778400
vt 0.606700 0.954100
vt 0.430600 0.929200
vt 0.667800 0.673900
vt 0.806300 0.675900
vt 0.765200 0.532000
vt 0.707300 0.811800
vt 0.834100 0.792900
vt 0.881000 0.983500
vt 0.577100 0.778400
vt 0.606700 0.954100
vt 0.430600 0.929200
# num_vertices: 1571


g Object_Map__9_Gradient.jpg

usemtl mat_0-Map__9_Gradient.jpg

f 1/1 2/2 3/3
f 3/3 4/4 5/5
f 5/5 6/6 7/7
f 7/7 8/8 9/9
f 9/9 10/10 11/11
f 11/11 12/12 13/13
f 13/13 14/14 15/15
f 15/15 16/16 17/17
f 17/17 18/18 19/19
f 19/19 20/20 21/21
f 21/21 22/22 23/23
f 23/23 24/24 25/25
f 25/25 26/26 27/27
f 27/27 28/28 29/29
f 29/29 30/30 31/31
f 31/31 32/32 33/33
f 33/33 34/34 35/35
f 35/35 36/36 37/37
f 37/37 38/38 39/39
f 3/3 40/40 41/41
f 5/5 42/42 3/3
f 7/7 43/43 5/5
f 9/9 44/44 7/7
f 11/11 45/45 9/9
f 11/11 46/46 47/47
f 13/13 48/48 46/46
f 17/17 48/48 15/15
f 19/19 49/49 17/17
f 19/19 50/50 51/51
f 21/21 52/52 50/50
f 23/23 53/53 52/52
f 25/25 54/54 53/53
f 29/29 54/54 27/27
f 31/31 55/55 29/29
f 33/33 56/56 31/31
f 33/33 57/57 58/58
f 35/35 59/59 57/57
f 37/37 60/60 59/59
f 42/42 61/61 40/40
f 42/42 62/62 63/63
f 43/43 64/64 62/62
f 45/45 64/64 44/44
f 45/45 65/65 66/66
f 46/46 65/65 47/47
f 48/48 67/67 46/46
f 48/48 68/68 69/69
f 51/51 68/68 49/49
f 50/50 70/70 51/51
f 50/50 71/71 72/72
f 53/53 71/71 52/52
f 53/53 73/73 74/74
f 55/55 73/73 54/54
f 56/56 75/75 55/55
f 58/58 76/76 56/56
f 57/57 77/77 58/58
f 57/57 78/78 79/79
f 59/59 80/80 78/78
f 61/61 81/81 82/82
f 62/62 81/81 63/63
f 62/62 83/83 84/84
f 66/66 83/83 64/64
f 66/66 85/85 86/86
f 67/67 85/85 65/65
f 67/67 87/87 88/88
f 68/68 87/87 69/69
f 68/68 89/89 90/90
f 70/70 91/91 89/89
f 72/72 92/92 91/91
f 74/74 92/92 71/71
f 74/74 93/93 94/94
f 75/75 93/93 73/73
f 76/76 95/95 75/75
f 77/77 96/96 76/76
f 79/79 97/97 77/77
f 78/78 98/98 79/79
f 78/78 99/99 100/100
f 81/81 101/101 82/82
f 84/84 102/102 81/81
f 84/84 103/103 104/104
f 86/86 103/103 83/83
f 85/85 105/105 86/86
f 88/88 106/106 85/85
f 88/88 107/107 108/108
f 90/90 107/107 87/87
f 90/90 109/109 110/110
f 91/91 109/109 89/89
f 92/92 111/111 91/91
f 94/94 112/112 92/92
f 93/93 113/113 94/94
f 93/93 114/114 115/115
f 95/95 116/116 114/114
f 96/96 117/117 116/116
f 98/98 117/117 97/97
f 98/98 118/118 119/119
f 100/100 120/120 118/118
f 101/101 121/121 122/122
f 104/104 121/121 102/102
f 103/103 123/123 104/104
f 105/105 124/124 103/103
f 105/105 125/125 126/126
f 106/106 127/127 125/125
f 107/107 127/127 108/108
f 107/107 128/128 129/129
f 109/109 128/128 110/110
f 109/109 130/130 131/131
f 111/111 132/132 130/130
f 112/112 133/133 132/132
f 115/115 133/133 113/113
f 115/115 134/134 135/135
f 114/114 136/136 134/134
f 116/116 137/137 136/136
f 119/119 137/137 117/117
f 119/119 138/138 139/139
f 118/118 140/140 138/138
f 121/121 141/141 122/122
f 123/123 142/142 121/121
f 123/123 143/143 144/144
f 126/126 143/143 124/124
f 126/126 145/145 146/146
f 127/127 145/145 125/125
f 127/127 147/147 148/148
f 129/129 149/149 147/147
f 131/131 149/149 128/128
f 130/130 150/150 131/131
f 130/130 151/151 152/152
f 133/133 151/151 132/132
f 133/133 153/153 154/154
f 135/135 155/155 153/153
f 136/136 155/155 134/134
f 137/137 156/156 136/136
f 137/137 157/157 158/158
f 139/139 159/159 157/157
f 140/140 159/159 138/138
f 141/141 160/160 161/161
f 142/142 162/162 160/160
f 144/144 163/163 162/162
f 146/146 163/163 143/143
f 145/145 164/164 146/146
f 145/145 165/165 166/166
f 148/148 167/167 165/165
f 149/149 167/167 147/147
f 149/149 168/168 169/169
f 152/152 168/168 150/150
f 152/152 170/170 171/171
f 154/154 170/170 151/151
f 154/154 172/172 173/173
f 155/155 172/172 153/153
f 156/156 174/174 155/155
f 158/158 175/175 156/156
f 158/158 176/176 177/177
f 157/157 178/178 176/176
f 159/159 179/179 178/178
f 160/160 180/180 161/161
f 162/162 181/181 160/160
f 163/163 182/182 162/162
f 164/164 183/183 163/163
f 166/166 184/184 164/164
f 165/165 185/185 166/166
f 167/167 186/186 165/165
f 169/169 187/187 167/167
f 168/168 188/188 169/169
f 171/171 189/189 168/168
f 170/170 190/190 171/171
f 173/173 191/191 170/170
f 172/172 192/192 173/173
f 174/174 193/193 172/172
f 175/175 194/194 174/174
f 177/177 195/195 175/175
f 176/176 196/196 177/177
f 178/178 197/197 176/176
f 179/179 198/198 178/178
f 3/3 42/42 40/40
f 5/5 43/43 42/42
f 7/7 44/44 43/43
f 9/9 45/45 44/44
f 11/11 47/47 45/45
f 11/11 13/13 46/46
f 13/13 15/15 48/48
f 17/17 49/49 48/48
f 19/19 51/51 49/49
f 19/19 21/21 50/50
f 21/21 23/23 52/52
f 23/23 25/25 53/53
f 25/25 27/27 54/54
f 29/29 55/55 54/54
f 31/31 56/56 55/55
f 33/33 58/58 56/56
f 33/33 35/35 57/57
f 35/35 37/37 59/59
f 37/37 39/39 60/60
f 42/42 63/63 61/61
f 42/42 43/43 62/62
f 43/43 44/44 64/64
f 45/45 66/66 64/64
f 45/45 47/47 65/65
f 46/46 67/67 65/65
f 48/48 69/69 67/67
f 48/48 49/49 68/68
f 51/51 70/70 68/68
f 50/50 72/72 70/70
f 50/50 52/52 71/71
f 53/53 74/74 71/71
f 53/53 54/54 73/73
f 55/55 75/75 73/73
f 56/56 76/76 75/75
f 58/58 77/77 76/76
f 57/57 79/79 77/77
f 57/57 59/59 78/78
f 59/59 60/60 80/80
f 61/61 63/63 81/81
f 62/62 84/84 81/81
f 62/62 64/64 83/83
f 66/66 86/86 83/83
f 66/66 65/65 85/85
f 67/67 88/88 85/85
f 67/67 69/69 87/87
f 68/68 90/90 87/87
f 68/68 70/70 89/89
f 70/70 72/72 91/91
f 72/72 71/71 92/92
f 74/74 94/94 92/92
f 74/74 73/73 93/93
f 75/75 95/95 93/93
f 76/76 96/96 95/95
f 77/77 97/97 96/96
f 79/79 98/98 97/97
f 78/78 100/100 98/98
f 78/78 80/80 99/99
f 81/81 102/102 101/101
f 84/84 104/104 102/102
f 84/84 83/83 103/103
f 86/86 105/105 103/103
f 85/85 106/106 105/105
f 88/88 108/108 106/106
f 88/88 87/87 107/107
f 90/90 110/110 107/107
f 90/90 89/89 109/109
f 91/91 111/111 109/109
f 92/92 112/112 111/111
f 94/94 113/113 112/112
f 93/93 115/115 113/113
f 93/93 95/95 114/114
f 95/95 96/96 116/116
f 96/96 97/97 117/117
f 98/98 119/119 117/117
f 98/98 100/100 118/118
f 100/100 99/99 120/120
f 101/101 102/102 121/121
f 104/104 123/123 121/121
f 103/103 124/124 123/123
f 105/105 126/126 124/124
f 105/105 106/106 125/125
f 106/106 108/108 127/127
f 107/107 129/129 127/127
f 107/107 110/110 128/128
f 109/109 131/131 128/128
f 109/109 111/111 130/130
f 111/111 112/112 132/132
f 112/112 113/113 133/133
f 115/115 135/135 133/133
f 115/115 114/114 134/134
f 114/114 116/116 136/136
f 116/116 117/117 137/137
f 119/119 139/139 137/137
f 119/119 118/118 138/138
f 118/118 120/120 140/140
f 121/121 142/142 141/141
f 123/123 144/144 142/142
f 123/123 124/124 143/143
f 126/126 146/146 143/143
f 126/126 125/125 145/145
f 127/127 148/148 145/145
f 127/127 129/129 147/147
f 129/129 128/128 149/149
f 131/131 150/150 149/149
f 130/130 152/152 150/150
f 130/130 132/132 151/151
f 133/133 154/154 151/151
f 133/133 135/135 153/153
f 135/135 134/134 155/155
f 136/136 156/156 155/155
f 137/137 158/158 156/156
f 137/137 139/139 157/157
f 139/139 138/138 159/159
f 140/140 199/199 159/159
f 141/141 142/142 160/160
f 142/142 144/144 162/162
f 144/144 143/143 163/163
f 146/146 164/164 163/163
f 145/145 166/166 164/164
f 145/145 148/148 165/165
f 148/148 147/147 167/167
f 149/149 169/169 167/167
f 149/149 150/150 168/168
f 152/152 171/171 168/168
f 152/152 151/151 170/170
f 154/154 173/173 170/170
f 154/154 153/153 172/172
f 155/155 174/174 172/172
f 156/156 175/175 174/174
f 158/158 177/177 175/175
f 158/158 157/157 176/176
f 157/157 159/159 178/178
f 159/159 199/199 179/179

g Object_Map__9_Gradient.jpg

usemtl mat_1-Map__9_Gradient.jpg

f 200/200 201/201 202/202
f 202/202 203/203 204/204
f 204/204 205/205 206/206
f 206/206 207/207 208/208
f 208/208 209/209 210/210
f 210/210 211/211 212/212
f 212/212 213/213 214/214
f 214/214 215/215 216/216
f 216/216 217/217 218/218
f 218/218 219/219 220/220
f 220/220 221/221 222/222
f 222/222 223/223 224/224
f 224/224 225/225 226/226
f 226/226 227/227 228/228
f 228/228 229/229 230/230
f 230/230 231/231 232/232
f 232/232 233/233 234/234
f 234/234 235/235 236/236
f 236/236 237/237 238/238
f 202/202 239/239 200/200
f 202/202 240/240 241/241
f 204/204 242/242 240/240
f 206/206 243/243 242/242
f 208/208 244/244 243/243
f 212/212 244/244 210/210
f 212/212 245/245 246/246
f 216/216 245/245 214/214
f 216/216 247/247 248/248
f 218/218 249/249 247/247
f 222/222 249/249 220/220
f 222/222 250/250 251/251
f 224/224 252/252 250/250
f 228/228 252/252 226/226
f 230/230 253/253 228/228
f 232/232 254/254 230/230
f 232/232 255/255 256/256
f 236/236 255/255 234/234
f 236/236 257/257 258/258
f 241/241 259/259 239/239
f 241/241 260/260 261/261
f 242/242 260/260 240/240
f 243/243 262/262 242/242
f 244/244 263/263 243/243
f 244/244 264/264 265/265
f 246/246 266/266 264/264
f 248/248 266/266 245/245
f 248/248 267/267 268/268
f 247/247 269/269 267/267
f 251/251 269/269 249/249
f 251/251 270/270 271/271
f 252/252 270/270 250/250
f 253/253 272/272 252/252
f 253/253 273/273 274/274
f 256/256 273/273 254/254
f 256/256 275/275 276/276
f 258/258 275/275 255/255
f 258/258 277/277 278/278
f 259/259 279/279 280/280
f 260/260 279/279 261/261
f 260/260 281/281 282/282
f 263/263 281/281 262/262
f 265/265 283/283 263/263
f 264/264 284/284 265/265
f 266/266 285/285 264/264
f 268/268 286/286 266/266
f 267/267 287/287 268/268
f 269/269 288/288 267/267
f 271/271 289/289 269/269
f 271/271 290/290 291/291
f 270/270 292/292 290/290
f 274/274 292/292 272/272
f 273/273 293/293 274/274
f 273/273 294/294 295/295
f 275/275 294/294 276/276
f 278/278 296/296 275/275
f 277/277 297/297 278/278
f 279/279 298/298 280/280
f 282/282 299/299 279/279
f 281/281 300/300 282/282
f 281/281 301/301 302/302
f 283/283 303/303 301/301
f 284/284 304/304 303/303
f 286/286 304/304 285/285
f 286/286 305/305 306/306
f 288/288 305/305 287/287
f 289/289 307/307 288/288
f 291/291 308/308 289/289
f 291/291 309/309 310/310
f 290/290 311/311 309/309
f 292/292 312/312 311/311
f 295/295 312/312 293/293
f 294/294 313/313 295/295
f 296/296 314/314 294/294
f 297/297 315/315 296/296
f 316/316 317/317 297/297
f 298/298 318/318 319/319
f 300/300 318/318 299/299
f 302/302 320/320 300/300
f 301/301 321/321 302/302
f 303/303 322/322 301/301
f 304/304 323/323 303/303
f 304/304 324/324 325/325
f 305/305 324/324 306/306
f 307/307 326/326 305/305
f 308/308 327/327 307/307
f 310/310 328/328 308/308
f 310/310 329/329 330/330
f 311/311 329/329 309/309
f 312/312 331/331 311/311
f 312/312 332/332 333/333
f 313/313 334/334 332/332
f 315/315 334/334 314/314
f 315/315 335/335 336/336
f 317/317 337/337 335/335
f 318/318 338/338 319/319
f 318/318 339/339 340/340
f 320/320 341/341 339/339
f 321/321 342/342 341/341
f 322/322 343/343 342/342
f 325/325 343/343 323/323
f 325/325 344/344 345/345
f 326/326 344/344 324/324
f 327/327 346/346 326/326
f 328/328 347/347 327/327
f 328/328 348/348 349/349
f 329/329 348/348 330/330
f 331/331 350/350 329/329
f 331/331 351/351 352/352
f 332/332 351/351 333/333
f 332/332 353/353 354/354
f 334/334 355/355 353/353
f 336/336 356/356 355/355
f 337/337 356/356 335/335
f 340/340 357/357 338/338
f 340/340 358/358 359/359
f 341/341 358/358 339/339
f 342/342 360/360 341/341
f 343/343 361/361 342/342
f 343/343 362/362 363/363
f 345/345 364/364 362/362
f 344/344 365/365 364/364
f 346/346 366/366 365/365
f 349/349 366/366 347/347
f 349/349 367/367 368/368
f 350/350 367/367 348/348
f 352/352 369/369 350/350
f 352/352 370/370 371/371
f 354/354 370/370 351/351
f 354/354 372/372 373/373
f 353/353 374/374 372/372
f 355/355 375/375 374/374
f 376/376 375/375 356/356
f 359/359 377/377 357/357
f 358/358 378/378 359/359
f 360/360 379/379 358/358
f 361/361 380/380 360/360
f 363/363 381/381 361/361
f 362/362 382/382 363/363
f 364/364 383/383 362/362
f 365/365 384/384 364/364
f 366/366 385/385 365/365
f 368/368 386/386 366/366
f 367/367 387/387 368/368
f 369/369 388/388 367/367
f 371/371 389/389 369/369
f 370/370 390/390 371/371
f 373/373 391/391 370/370
f 372/372 392/392 373/373
f 374/374 393/393 372/372
f 375/375 394/394 374/374
f 395/395 396/396 375/375
f 202/202 241/241 239/239
f 202/202 204/204 240/240
f 204/204 206/206 242/242
f 206/206 208/208 243/243
f 208/208 210/210 244/244
f 212/212 246/246 244/244
f 212/212 214/214 245/245
f 216/216 248/248 245/245
f 216/216 218/218 247/247
f 218/218 220/220 249/249
f 222/222 251/251 249/249
f 222/222 224/224 250/250
f 224/224 226/226 252/252
f 228/228 253/253 252/252
f 230/230 254/254 253/253
f 232/232 256/256 254/254
f 232/232 234/234 255/255
f 236/236 258/258 255/255
f 236/236 238/238 257/257
f 241/241 261/261 259/259
f 241/241 240/240 260/260
f 242/242 262/262 260/260
f 243/243 263/263 262/262
f 244/244 265/265 263/263
f 244/244 246/246 264/264
f 246/246 245/245 266/266
f 248/248 268/268 266/266
f 248/248 247/247 267/267
f 247/247 249/249 269/269
f 251/251 271/271 269/269
f 251/251 250/250 270/270
f 252/252 272/272 270/270
f 253/253 274/274 272/272
f 253/253 254/254 273/273
f 256/256 276/276 273/273
f 256/256 255/255 275/275
f 258/258 278/278 275/275
f 258/258 257/257 277/277
f 259/259 261/261 279/279
f 260/260 282/282 279/279
f 260/260 262/262 281/281
f 263/263 283/283 281/281
f 265/265 284/284 283/283
f 264/264 285/285 284/284
f 266/266 286/286 285/285
f 268/268 287/287 286/286
f 267/267 288/288 287/287
f 269/269 289/289 288/288
f 271/271 291/291 289/289
f 271/271 270/270 290/290
f 270/270 272/272 292/292
f 274/274 293/293 292/292
f 273/273 295/295 293/293
f 273/273 276/276 294/294
f 275/275 296/296 294/294
f 278/278 297/297 296/296
f 277/277 316/316 297/297
f 279/279 299/299 298/298
f 282/282 300/300 299/299
f 281/281 302/302 300/300
f 281/281 283/283 301/301
f 283/283 284/284 303/303
f 284/284 285/285 304/304
f 286/286 306/306 304/304
f 286/286 287/287 305/305
f 288/288 307/307 305/305
f 289/289 308/308 307/307
f 291/291 310/310 308/308
f 291/291 290/290 309/309
f 290/290 292/292 311/311
f 292/292 293/293 312/312
f 295/295 313/313 312/312
f 294/294 314/314 313/313
f 296/296 315/315 314/314
f 297/297 317/317 315/315
f 316/316 397/397 317/317
f 298/298 299/299 318/318
f 300/300 320/320 318/318
f 302/302 321/321 320/320
f 301/301 322/322 321/321
f 303/303 323/323 322/322
f 304/304 325/325 323/323
f 304/304 306/306 324/324
f 305/305 326/326 324/324
f 307/307 327/327 326/326
f 308/308 328/328 327/327
f 310/310 330/330 328/328
f 310/310 309/309 329/329
f 311/311 331/331 329/329
f 312/312 333/333 331/331
f 312/312 313/313 332/332
f 313/313 314/314 334/334
f 315/315 336/336 334/334
f 315/315 317/317 335/335
f 317/317 397/397 337/337
f 318/318 340/340 338/338
f 318/318 320/320 339/339
f 320/320 321/321 341/341
f 321/321 322/322 342/342
f 322/322 323/323 343/343
f 325/325 345/345 343/343
f 325/325 324/324 344/344
f 326/326 346/346 344/344
f 327/327 347/347 346/346
f 328/328 349/349 347/347
f 328/328 330/330 348/348
f 329/329 350/350 348/348
f 331/331 352/352 350/350
f 331/331 333/333 351/351
f 332/332 354/354 351/351
f 332/332 334/334 353/353
f 334/334 336/336 355/355
f 336/336 335/335 356/356
f 337/337 376/376 356/356
f 340/340 359/359 357/357
f 340/340 339/339 358/358
f 341/341 360/360 358/358
f 342/342 361/361 360/360
f 343/343 363/363 361/361
f 343/343 345/345 362/362
f 345/345 344/344 364/364
f 344/344 346/346 365/365
f 346/346 347/347 366/366
f 349/349 368/368 366/366
f 349/349 348/348 367/367
f 350/350 369/369 367/367
f 352/352 371/371 369/369
f 352/352 351/351 370/370
f 354/354 373/373 370/370
f 354/354 353/353 372/372
f 353/353 355/355 374/374
f 355/355 356/356 375/375
f 376/376 395/395 375/375

g Object_color_0.235300-0.466700-0.486300.jpg

usemtl mat_2-color_0.235300-0.466700-0.486300.jpg

f 398/398 399/399 400/400
f 401/401 402/402 403/403
f 404/404 405/405 406/406
f 407/407 408/408 405/405
f 409/409 410/410 399/399
f 411/411 406/406 402/402
f 399/399 410/410 398/398
f 412/412 403/403 402/402
f 413/413 406/406 405/405
f 414/414 405/405 408/408
f 400/400 409/409 399/399
f 409/409 400/400 415/415
f 416/416 402/402 406/406
f 417/417 416/416 413/413
f 418/418 413/413 414/414
f 419/419 400/400 420/420
f 421/421 412/412 416/416
f 422/422 412/412 423/423
f 424/424 417/417 425/425
f 426/426 417/417 418/418
f 427/427 419/419 420/420
f 424/424 423/423 421/421
f 428/428 422/422 423/423
f 429/429 418/418 419/419
f 430/430 424/424 425/425
f 431/431 425/425 426/426
f 432/432 429/429 427/427
f 433/433 428/428 424/424
f 434/434 435/435 428/428
f 436/436 426/426 429/429
f 437/437 438/438 439/439
f 437/437 439/439 440/440
f 431/431 439/439 430/430
f 430/430 439/439 438/438
f 441/441 442/442 443/443
f 443/443 442/442 444/444
f 432/432 442/442 436/436
f 436/436 442/442 445/445
f 446/446 447/447 448/448
f 446/446 448/448 449/449
f 433/433 448/448 434/434
f 434/434 448/448 447/447
f 450/450 451/451 452/452
f 450/450 452/452 447/447
f 434/434 452/452 453/453
f 453/453 452/452 451/451
f 441/441 440/440 454/454
f 441/441 454/454 445/445
f 436/436 454/454 431/431
f 431/431 454/454 440/440
f 455/455 446/446 456/456
f 455/455 437/437 457/457
f 458/458 441/441 443/443
f 459/459 450/450 446/446
f 460/460 461/461 450/450
f 462/462 437/437 441/441
f 463/463 464/464 465/465
f 465/465 466/466 467/467
f 467/467 468/468 469/469
f 470/470 468/468 471/471
f 463/463 472/472 473/473
f 474/474 475/475 476/476
f 474/474 471/471 477/477
f 474/474 477/477 478/478
f 479/479 463/463 465/465
f 479/479 465/465 467/467
f 479/479 469/469 480/480
f 481/481 469/469 470/470
f 482/482 483/483 463/463
f 484/484 470/470 474/474
f 484/484 476/476 485/485
f 486/486 482/482 479/479
f 486/486 480/480 487/487
f 488/488 480/480 481/481
f 489/489 482/482 490/490
f 491/491 481/481 484/484
f 492/492 484/484 485/485
f 493/493 490/490 486/486
f 493/493 487/487 494/494
f 495/495 487/487 488/488
f 496/496 490/490 497/497
f 498/498 488/488 491/491
f 499/499 491/491 492/492
f 500/500 497/497 493/493
f 500/500 494/494 501/501
f 502/502 494/494 495/495
f 503/503 497/497 504/504
f 505/505 495/495 498/498
f 506/506 498/498 499/499
f 507/507 504/504 500/500
f 507/507 501/501 508/508
f 508/508 502/502 509/509
f 510/510 504/504 511/511
f 512/512 502/502 505/505
f 513/513 505/505 506/506
f 514/514 511/511 507/507
f 514/514 508/508 515/515
f 516/516 508/508 509/509
f 517/517 511/511 518/518
f 519/519 509/509 512/512
f 520/520 512/512 513/513
f 521/521 514/514 522/522
f 522/522 515/515 523/523
f 524/524 515/515 516/516
f 525/525 518/518 521/521
f 526/526 527/527 528/528
f 529/529 528/528 530/530
f 531/531 522/522 532/532
f 532/532 523/523 533/533
f 534/534 523/523 524/524
f 535/535 521/521 531/531
f 536/536 524/524 537/537
f 538/538 525/525 535/535
f 539/539 531/531 532/532
f 539/539 532/532 533/533
f 539/539 533/533 534/534
f 539/539 535/535 531/531
f 539/539 534/534 536/536
f 539/539 538/538 535/535
f 540/540 516/516 519/519
f 528/528 517/517 530/530
f 541/541 542/542 527/527
f 530/530 525/525 529/529
f 543/543 524/524 544/544
f 526/526 525/525 545/545
f 546/546 411/411 401/401
f 404/404 547/547 407/407
f 547/547 548/548 407/407
f 410/410 549/549 398/398
f 411/411 550/550 404/404
f 548/548 551/551 410/410
f 552/552 553/553 554/554
f 553/553 555/555 556/556
f 557/557 558/558 559/559
f 560/560 552/552 554/554
f 556/556 557/557 559/559
f 554/554 561/561 562/562
f 561/561 556/556 563/563
f 559/559 564/564 565/565
f 563/563 559/559 565/565
f 562/562 561/561 566/566
f 566/566 563/563 567/567
f 565/565 568/568 569/569
f 567/567 565/565 569/569
f 566/566 567/567 570/570
f 569/569 568/568 570/570
f 567/567 569/569 570/570
f 571/571 401/401 403/403
f 572/572 573/573 574/574
f 575/575 576/576 572/572
f 399/399 577/577 578/578
f 574/574 579/579 571/571
f 398/398 577/577 399/399
f 403/403 580/580 571/571
f 574/574 581/581 572/572
f 572/572 582/582 575/575
f 399/399 578/578 400/400
f 583/583 400/400 578/578
f 571/571 584/584 574/574
f 584/584 585/585 581/581
f 581/581 586/586 582/582
f 587/587 400/400 583/583
f 580/580 588/588 584/584
f 422/422 580/580 589/589
f 588/588 590/590 585/585
f 585/585 591/591 586/586
f 587/587 427/427 420/420
f 592/592 593/593 588/588
f 422/422 594/594 592/592
f 586/586 595/595 587/587
f 593/593 596/596 590/590
f 590/590 597/597 591/591
f 595/595 432/432 427/427
f 594/594 598/598 593/593
f 435/435 599/599 594/594
f 591/591 600/600 595/595
f 601/601 602/602 603/603
f 604/604 603/603 602/602
f 597/597 603/603 604/604
f 601/601 603/603 596/596
f 605/605 606/606 607/607
f 444/444 606/606 443/443
f 432/432 606/606 444/444
f 607/607 606/606 600/600
f 608/608 609/609 610/610
f 611/611 610/610 609/609
f 598/598 610/610 611/611
f 608/608 610/610 599/599
f 451/451 612/612 613/613
f 608/608 613/613 612/612
f 599/599 613/613 608/608
f 451/451 613/613 453/453
f 604/604 605/605 614/614
f 607/607 614/614 605/605
f 600/600 614/614 607/607
f 604/604 614/614 597/597
f 609/609 615/615 616/616
f 615/615 602/602 616/616
f 605/605 458/458 443/443
f 612/612 617/617 609/609
f 612/612 461/461 460/460
f 602/602 618/618 605/605
f 619/619 620/620 621/621
f 622/622 623/623 620/620
f 624/624 625/625 623/623
f 625/625 626/626 627/627
f 628/628 619/619 621/621
f 629/629 630/630 631/631
f 627/627 629/629 632/632
f 631/631 632/632 629/629
f 619/619 633/633 622/622
f 624/624 622/622 633/633
f 633/633 634/634 624/624
f 634/634 635/635 626/626
f 636/636 637/637 619/619
f 626/626 638/638 629/629
f 638/638 639/639 629/629
f 637/637 640/640 633/633
f 640/640 641/641 633/633
f 641/641 642/642 635/635
f 643/643 637/637 644/644
f 635/635 645/645 638/638
f 638/638 646/646 647/647
f 648/648 649/649 640/640
f 649/649 650/650 640/640
f 650/650 651/651 642/642
f 652/652 648/648 643/643
f 642/642 653/653 645/645
f 645/645 654/654 646/646
f 655/655 656/656 649/649
f 656/656 657/657 649/649
f 657/657 658/658 651/651
f 659/659 655/655 652/652
f 651/651 660/660 653/653
f 653/653 661/661 654/654
f 662/662 663/663 656/656
f 663/663 664/664 656/656
f 665/665 658/658 664/664
f 666/666 662/662 659/659
f 658/658 667/667 660/660
f 660/660 668/668 661/661
f 669/669 670/670 663/663
f 670/670 665/665 663/663
f 665/665 671/671 672/672
f 673/673 669/669 666/666
f 672/672 674/674 667/667
f 667/667 675/675 668/668
f 676/676 670/670 677/677
f 678/678 679/679 670/670
f 679/679 680/680 671/671
f 681/681 677/677 673/673
f 682/682 683/683 684/684
f 684/684 685/685 686/686
f 687/687 678/678 676/676
f 688/688 689/689 678/678
f 689/689 690/690 680/680
f 691/691 676/676 681/681
f 680/680 692/692 693/693
f 694/694 681/681 695/695
f 688/688 687/687 696/696
f 697/697 688/688 696/696
f 690/690 697/697 696/696
f 687/687 691/691 696/696
f 692/692 690/690 696/696
f 691/691 694/694 696/696
f 671/671 698/698 674/674
f 684/684 673/673 699/699
f 700/700 701/701 702/702
f 686/686 681/681 673/673
f 703/703 680/680 693/693
f 681/681 683/683 695/695
f 401/401 579/579 546/546
f 573/573 704/704 705/705
f 576/576 706/706 704/704
f 577/577 549/549 707/707
f 579/579 705/705 708/708
f 706/706 707/707 709/709
f 710/710 711/711 712/712
f 713/713 711/711 714/714
f 715/715 558/558 716/716
f 554/554 710/710 560/560
f 715/715 714/714 717/717
f 554/554 718/718 711/711
f 714/714 718/718 719/719
f 717/717 564/564 558/558
f 717/717 719/719 720/720
f 566/566 718/718 562/562
f 719/719 566/566 721/721
f 720/720 568/568 564/564
f 720/720 721/721 722/722
f 570/570 721/721 566/566
f 570/570 568/568 722/722
f 570/570 722/722 721/721
f 723/723 724/724 725/725
f 726/726 724/724 723/723
f 727/727 724/724 726/726
f 728/728 724/724 727/727
f 725/725 724/724 728/728
f 729/729 725/725 730/730
f 726/726 729/729 731/731
f 727/727 731/731 732/732
f 733/733 727/727 732/732
f 730/730 728/728 733/733
f 734/734 730/730 735/735
f 731/731 734/734 736/736
f 732/732 736/736 737/737
f 738/738 732/732 737/737
f 735/735 733/733 738/738
f 734/734 739/739 740/740
f 736/736 740/740 741/741
f 742/742 736/736 741/741
f 743/743 737/737 742/742
f 735/735 743/743 739/739
f 744/744 739/739 745/745
f 746/746 740/740 744/744
f 742/742 746/746 747/747
f 743/743 747/747 748/748
f 745/745 743/743 748/748
f 749/749 745/745 750/750
f 751/751 744/744 749/749
f 747/747 751/751 752/752
f 748/748 752/752 753/753
f 750/750 748/748 753/753
f 749/749 750/750 754/754
f 751/751 749/749 754/754
f 752/752 751/751 754/754
f 753/753 752/752 754/754
f 750/750 753/753 754/754
f 755/755 756/756 757/757
f 758/758 756/756 755/755
f 759/759 756/756 758/758
f 760/760 756/756 759/759
f 757/757 756/756 760/760
f 755/755 761/761 762/762
f 758/758 762/762 763/763
f 764/764 758/758 763/763
f 765/765 759/759 764/764
f 757/757 765/765 761/761
f 762/762 766/766 767/767
f 763/763 767/767 768/768
f 769/769 763/763 768/768
f 770/770 764/764 769/769
f 766/766 765/765 770/770
f 771/771 766/766 772/772
f 773/773 767/767 771/771
f 769/769 773/773 774/774
f 770/770 774/774 775/775
f 772/772 770/770 775/775
f 771/771 776/776 777/777
f 778/778 771/771 777/777
f 779/779 773/773 778/778
f 780/780 774/774 779/779
f 772/772 780/780 776/776
f 781/781 776/776 782/782
f 783/783 777/777 781/781
f 779/779 783/783 784/784
f 780/780 784/784 785/785
f 782/782 780/780 785/785
f 781/781 782/782 786/786
f 783/783 781/781 786/786
f 784/784 783/783 786/786
f 785/785 784/784 786/786
f 782/782 785/785 786/786
f 787/787 788/788 789/789
f 790/790 788/788 787/787
f 791/791 788/788 790/790
f 792/792 788/788 791/791
f 789/789 788/788 792/792
f 793/793 789/789 794/794
f 795/795 787/787 793/793
f 796/796 790/790 795/795
f 797/797 791/791 796/796
f 794/794 792/792 797/797
f 793/793 798/798 799/799
f 795/795 799/799 800/800
f 801/801 795/795 800/800
f 802/802 796/796 801/801
f 798/798 797/797 802/802
f 799/799 803/803 804/804
f 805/805 799/799 804/804
f 806/806 800/800 805/805
f 807/807 801/801 806/806
f 798/798 807/807 803/803
f 808/808 803/803 809/809
f 810/810 804/804 808/808
f 806/806 810/810 811/811
f 807/807 811/811 812/812
f 803/803 812/812 809/809
f 813/813 809/809 814/814
f 815/815 808/808 813/813
f 816/816 810/810 815/815
f 812/812 816/816 817/817
f 809/809 817/817 814/814
f 813/813 814/814 818/818
f 815/815 813/813 818/818
f 816/816 815/815 818/818
f 817/817 816/816 818/818
f 814/814 817/817 818/818
f 819/819 820/820 821/821
f 819/819 822/822 820/820
f 819/819 823/823 822/822
f 819/819 824/824 823/823
f 819/819 821/821 824/824
f 821/821 825/825 826/826
f 822/822 825/825 820/820
f 822/822 827/827 828/828
f 823/823 829/829 827/827
f 824/824 826/826 829/829
f 825/825 830/830 826/826
f 828/828 831/831 825/825
f 828/828 832/832 833/833
f 827/827 834/834 832/832
f 829/829 830/830 834/834
f 831/831 835/835 830/830
f 833/833 836/836 831/831
f 833/833 837/837 838/838
f 832/832 839/839 837/837
f 834/834 835/835 839/839
f 835/835 840/840 841/841
f 836/836 842/842 840/840
f 837/837 842/842 838/838
f 839/839 843/843 837/837
f 839/839 841/841 844/844
f 841/841 845/845 846/846
f 840/840 847/847 845/845
f 842/842 848/848 847/847
f 844/844 848/848 843/843
f 841/841 849/849 844/844
f 846/846 845/845 850/850
f 845/845 847/847 850/850
f 847/847 848/848 850/850
f 848/848 849/849 850/850
f 849/849 846/846 850/850
f 851/851 852/852 853/853
f 851/851 854/854 852/852
f 851/851 855/855 854/854
f 851/851 856/856 855/855
f 851/851 853/853 856/856
f 852/852 857/857 853/853
f 852/852 858/858 859/859
f 854/854 860/860 858/858
f 856/856 860/860 855/855
f 853/853 861/861 856/856
f 859/859 862/862 857/857
f 858/858 863/863 859/859
f 858/858 864/864 865/865
f 860/860 866/866 864/864
f 861/861 862/862 866/866
f 862/862 867/867 868/868
f 865/865 867/867 863/863
f 864/864 869/869 865/865
f 864/864 870/870 871/871
f 866/866 868/868 870/870
f 868/868 872/872 873/873
f 867/867 874/874 872/872
f 869/869 875/875 874/874
f 870/870 875/875 871/871
f 868/868 876/876 870/870
f 873/873 877/877 878/878
f 874/874 877/877 872/872
f 875/875 879/879 874/874
f 875/875 880/880 881/881
f 876/876 878/878 880/880
f 878/878 877/877 882/882
f 877/877 879/879 882/882
f 879/879 881/881 882/882
f 881/881 880/880 882/882
f 880/880 878/878 882/882
f 883/883 884/884 885/885
f 883/883 886/886 884/884
f 883/883 887/887 886/886
f 883/883 888/888 887/887
f 883/883 885/885 888/888
f 885/885 889/889 890/890
f 886/886 889/889 884/884
f 887/887 891/891 886/886
f 888/888 892/892 887/887
f 888/888 890/890 893/893
f 890/890 894/894 895/895
f 891/891 894/894 889/889
f 892/892 896/896 891/891
f 892/892 897/897 898/898
f 893/893 895/895 897/897
f 894/894 899/899 895/895
f 894/894 900/900 901/901
f 896/896 902/902 900/900
f 897/897 902/902 898/898
f 897/897 899/899 903/903
f 899/899 904/904 905/905
f 901/901 906/906 904/904
f 902/902 906/906 900/900
f 903/903 907/907 902/902
f 903/903 905/905 908/908
f 905/905 909/909 910/910
f 904/904 911/911 909/909
f 907/907 911/911 906/906
f 908/908 912/912 907/907
f 905/905 913/913 908/908
f 910/910 909/909 914/914
f 909/909 911/911 914/914
f 911/911 912/912 914/914
f 912/912 913/913 914/914
f 913/913 910/910 914/914
f 401/401 411/411 402/402
f 404/404 407/407 405/405
f 407/407 548/548 408/408
f 411/411 404/404 406/406
f 412/412 589/589 403/403
f 413/413 416/416 406/406
f 414/414 413/413 405/405
f 416/416 412/412 402/402
f 417/417 421/421 416/416
f 418/418 417/417 413/413
f 419/419 415/415 400/400
f 421/421 423/423 412/412
f 422/422 589/589 412/412
f 424/424 421/421 417/417
f 426/426 425/425 417/417
f 427/427 429/429 419/419
f 424/424 428/428 423/423
f 428/428 435/435 422/422
f 429/429 426/426 418/418
f 430/430 433/433 424/424
f 431/431 430/430 425/425
f 432/432 436/436 429/429
f 433/433 434/434 428/428
f 434/434 453/453 435/435
f 436/436 431/431 426/426
f 437/437 456/456 438/438
f 431/431 440/440 439/439
f 441/441 445/445 442/442
f 432/432 444/444 442/442
f 446/446 450/450 447/447
f 433/433 449/449 448/448
f 450/450 461/461 451/451
f 434/434 447/447 452/452
f 441/441 437/437 440/440
f 436/436 445/445 454/454
f 455/455 459/459 446/446
f 455/455 456/456 437/437
f 458/458 462/462 441/441
f 459/459 460/460 450/450
f 462/462 457/457 437/437
f 463/463 473/473 464/464
f 465/465 464/464 466/466
f 467/467 466/466 468/468
f 470/470 469/469 468/468
f 463/463 483/483 472/472
f 474/474 478/478 475/475
f 474/474 470/470 471/471
f 479/479 482/482 463/463
f 479/479 467/467 469/469
f 481/481 480/480 469/469
f 482/482 915/915 483/483
f 484/484 481/481 470/470
f 484/484 474/474 476/476
f 486/486 490/490 482/482
f 486/486 479/479 480/480
f 488/488 487/487 480/480
f 489/489 915/915 482/482
f 491/491 488/488 481/481
f 492/492 491/491 484/484
f 493/493 497/497 490/490
f 493/493 486/486 487/487
f 495/495 494/494 487/487
f 496/496 489/489 490/490
f 498/498 495/495 488/488
f 499/499 498/498 491/491
f 500/500 504/504 497/497
f 500/500 493/493 494/494
f 502/502 501/501 494/494
f 503/503 496/496 497/497
f 505/505 502/502 495/495
f 506/506 505/505 498/498
f 507/507 511/511 504/504
f 507/507 500/500 501/501
f 508/508 501/501 502/502
f 510/510 503/503 504/504
f 512/512 509/509 502/502
f 513/513 512/512 505/505
f 514/514 518/518 511/511
f 514/514 507/507 508/508
f 516/516 515/515 508/508
f 517/517 510/510 511/511
f 519/519 516/516 509/509
f 520/520 519/519 512/512
f 521/521 518/518 514/514
f 522/522 514/514 515/515
f 524/524 523/523 515/515
f 525/525 517/517 518/518
f 526/526 541/541 527/527
f 529/529 526/526 528/528
f 531/531 521/521 522/522
f 532/532 522/522 523/523
f 534/534 533/533 523/523
f 535/535 525/525 521/521
f 536/536 534/534 524/524
f 538/538 545/545 525/525
f 540/540 916/916 516/516
f 528/528 917/917 517/517
f 541/541 918/918 542/542
f 530/530 517/517 525/525
f 543/543 537/537 524/524
f 526/526 529/529 525/525
f 404/404 550/550 547/547
f 410/410 551/551 549/549
f 411/411 708/708 550/550
f 548/548 919/919 551/551
f 552/552 920/920 553/553
f 553/553 920/920 555/555
f 557/557 716/716 558/558
f 556/556 555/555 557/557
f 554/554 553/553 561/561
f 561/561 553/553 556/556
f 559/559 558/558 564/564
f 563/563 556/556 559/559
f 566/566 561/561 563/563
f 565/565 564/564 568/568
f 567/567 563/563 565/565
f 571/571 579/579 401/401
f 572/572 576/576 573/573
f 575/575 706/706 576/576
f 574/574 573/573 579/579
f 403/403 589/589 580/580
f 574/574 584/584 581/581
f 572/572 581/581 582/582
f 571/571 580/580 584/584
f 584/584 588/588 585/585
f 581/581 585/585 586/586
f 587/587 420/420 400/400
f 580/580 592/592 588/588
f 422/422 592/592 580/580
f 588/588 593/593 590/590
f 585/585 590/590 591/591
f 587/587 595/595 427/427
f 592/592 594/594 593/593
f 422/422 435/435 594/594
f 586/586 591/591 595/595
f 593/593 598/598 596/596
f 590/590 596/596 597/597
f 595/595 600/600 432/432
f 594/594 599/599 598/598
f 435/435 453/453 599/599
f 591/591 597/597 600/600
f 601/601 616/616 602/602
f 597/597 596/596 603/603
f 605/605 443/443 606/606
f 432/432 600/600 606/606
f 608/608 612/612 609/609
f 598/598 599/599 610/610
f 451/451 461/461 612/612
f 599/599 453/453 613/613
f 604/604 602/602 605/605
f 600/600 597/597 614/614
f 609/609 617/617 615/615
f 615/615 921/921 602/602
f 605/605 618/618 458/458
f 612/612 460/460 617/617
f 602/602 921/921 618/618
f 619/619 622/622 620/620
f 622/622 624/624 623/623
f 624/624 634/634 625/625
f 625/625 634/634 626/626
f 628/628 636/636 619/619
f 629/629 639/639 630/630
f 627/627 626/626 629/629
f 619/619 637/637 633/633
f 633/633 641/641 634/634
f 634/634 641/641 635/635
f 636/636 644/644 637/637
f 626/626 635/635 638/638
f 638/638 647/647 639/639
f 637/637 648/648 640/640
f 640/640 650/650 641/641
f 641/641 650/650 642/642
f 643/643 648/648 637/637
f 635/635 642/642 645/645
f 638/638 645/645 646/646
f 648/648 655/655 649/649
f 649/649 657/657 650/650
f 650/650 657/657 651/651
f 652/652 655/655 648/648
f 642/642 651/651 653/653
f 645/645 653/653 654/654
f 655/655 662/662 656/656
f 656/656 664/664 657/657
f 657/657 664/664 658/658
f 659/659 662/662 655/655
f 651/651 658/658 660/660
f 653/653 660/660 661/661
f 662/662 669/669 663/663
f 663/663 665/665 664/664
f 665/665 672/672 658/658
f 666/666 669/669 662/662
f 658/658 672/672 667/667
f 660/660 667/667 668/668
f 669/669 677/677 670/670
f 670/670 679/679 665/665
f 665/665 679/679 671/671
f 673/673 677/677 669/669
f 672/672 671/671 674/674
f 667/667 674/674 675/675
f 676/676 678/678 670/670
f 678/678 689/689 679/679
f 679/679 689/689 680/680
f 681/681 676/676 677/677
f 682/682 700/700 683/683
f 684/684 683/683 685/685
f 687/687 688/688 678/678
f 688/688 697/697 689/689
f 689/689 697/697 690/690
f 691/691 687/687 676/676
f 680/680 690/690 692/692
f 694/694 691/691 681/681
f 671/671 922/922 698/698
f 684/684 686/686 673/673
f 700/700 682/682 701/701
f 686/686 685/685 681/681
f 703/703 923/923 680/680
f 681/681 685/685 683/683
f 573/573 576/576 704/704
f 577/577 398/398 549/549
f 579/579 573/573 705/705
f 706/706 577/577 707/707
f 710/710 554/554 711/711
f 713/713 712/712 711/711
f 715/715 717/717 558/558
f 715/715 713/713 714/714
f 554/554 562/562 718/718
f 714/714 711/711 718/718
f 717/717 720/720 564/564
f 717/717 714/714 719/719
f 719/719 718/718 566/566
f 720/720 722/722 568/568
f 720/720 719/719 721/721
f 729/729 723/723 725/725
f 726/726 723/723 729/729
f 727/727 726/726 731/731
f 733/733 728/728 727/727
f 730/730 725/725 728/728
f 734/734 729/729 730/730
f 731/731 729/729 734/734
f 732/732 731/731 736/736
f 738/738 733/733 732/732
f 735/735 730/730 733/733
f 734/734 735/735 739/739
f 736/736 734/734 740/740
f 742/742 737/737 736/736
f 743/743 738/738 737/737
f 735/735 738/738 743/743
f 744/744 740/740 739/739
f 746/746 741/741 740/740
f 742/742 741/741 746/746
f 743/743 742/742 747/747
f 745/745 739/739 743/743
f 749/749 744/744 745/745
f 751/751 746/746 744/744
f 747/747 746/746 751/751
f 748/748 747/747 752/752
f 750/750 745/745 748/748
f 755/755 757/757 761/761
f 758/758 755/755 762/762
f 764/764 759/759 758/758
f 765/765 760/760 759/759
f 757/757 760/760 765/765
f 762/762 761/761 766/766
f 763/763 762/762 767/767
f 769/769 764/764 763/763
f 770/770 765/765 764/764
f 766/766 761/761 765/765
f 771/771 767/767 766/766
f 773/773 768/768 767/767
f 769/769 768/768 773/773
f 770/770 769/769 774/774
f 772/772 766/766 770/770
f 771/771 772/772 776/776
f 778/778 773/773 771/771
f 779/779 774/774 773/773
f 780/780 775/775 774/774
f 772/772 775/775 780/780
f 781/781 777/777 776/776
f 783/783 778/778 777/777
f 779/779 778/778 783/783
f 780/780 779/779 784/784
f 782/782 776/776 780/780
f 793/793 787/787 789/789
f 795/795 790/790 787/787
f 796/796 791/791 790/790
f 797/797 792/792 791/791
f 794/794 789/789 792/792
f 793/793 794/794 798/798
f 795/795 793/793 799/799
f 801/801 796/796 795/795
f 802/802 797/797 796/796
f 798/798 794/794 797/797
f 799/799 798/798 803/803
f 805/805 800/800 799/799
f 806/806 801/801 800/800
f 807/807 802/802 801/801
f 798/798 802/802 807/807
f 808/808 804/804 803/803
f 810/810 805/805 804/804
f 806/806 805/805 810/810
f 807/807 806/806 811/811
f 803/803 807/807 812/812
f 813/813 808/808 809/809
f 815/815 810/810 808/808
f 816/816 811/811 810/810
f 812/812 811/811 816/816
f 809/809 812/812 817/817
f 821/821 820/820 825/825
f 822/822 828/828 825/825
f 822/822 823/823 827/827
f 823/823 824/824 829/829
f 824/824 821/821 826/826
f 825/825 831/831 830/830
f 828/828 833/833 831/831
f 828/828 827/827 832/832
f 827/827 829/829 834/834
f 829/829 826/826 830/830
f 831/831 836/836 835/835
f 833/833 838/838 836/836
f 833/833 832/832 837/837
f 832/832 834/834 839/839
f 834/834 830/830 835/835
f 835/835 836/836 840/840
f 836/836 838/838 842/842
f 837/837 843/843 842/842
f 839/839 844/844 843/843
f 839/839 835/835 841/841
f 841/841 840/840 845/845
f 840/840 842/842 847/847
f 842/842 843/843 848/848
f 844/844 849/849 848/848
f 841/841 846/846 849/849
f 852/852 859/859 857/857
f 852/852 854/854 858/858
f 854/854 855/855 860/860
f 856/856 861/861 860/860
f 853/853 857/857 861/861
f 859/859 863/863 862/862
f 858/858 865/865 863/863
f 858/858 860/860 864/864
f 860/860 861/861 866/866
f 861/861 857/857 862/862
f 862/862 863/863 867/867
f 865/865 869/869 867/867
f 864/864 871/871 869/869
f 864/864 866/866 870/870
f 866/866 862/862 868/868
f 868/868 867/867 872/872
f 867/867 869/869 874/874
f 869/869 871/871 875/875
f 870/870 876/876 875/875
f 868/868 873/873 876/876
f 873/873 872/872 877/877
f 874/874 879/879 877/877
f 875/875 881/881 879/879
f 875/875 876/876 880/880
f 876/876 873/873 878/878
f 885/885 884/884 889/889
f 886/886 891/891 889/889
f 887/887 892/892 891/891
f 888/888 893/893 892/892
f 888/888 885/885 890/890
f 890/890 889/889 894/894
f 891/891 896/896 894/894
f 892/892 898/898 896/896
f 892/892 893/893 897/897
f 893/893 890/890 895/895
f 894/894 901/901 899/899
f 894/894 896/896 900/900
f 896/896 898/898 902/902
f 897/897 903/903 902/902
f 897/897 895/895 899/899
f 899/899 901/901 904/904
f 901/901 900/900 906/906
f 902/902 907/907 906/906
f 903/903 908/908 907/907
f 903/903 899/899 905/905
f 905/905 904/904 909/909
f 904/904 906/906 911/911
f 907/907 912/912 911/911
f 908/908 913/913 912/912
f 905/905 910/910 913/913

g Object_color_0.266700-0.192200-0.545100.jpg

usemtl mat_3-color_0.266700-0.192200-0.545100.jpg

f 924/924 925/925 926/926
f 927/927 925/925 924/924
f 928/928 925/925 927/927
f 929/929 926/926 930/930
f 931/931 927/927 932/932
f 933/933 930/930 934/934
f 935/935 929/929 933/933
f 936/936 932/932 935/935
f 935/935 937/937 938/938
f 938/938 939/939 940/940
f 941/941 940/940 942/942
f 943/943 944/944 939/939
f 939/939 944/944 940/940
f 940/940 944/944 942/942
f 945/945 946/946 925/925
f 947/947 945/945 925/925
f 928/928 947/947 925/925
f 945/945 948/948 946/946
f 945/945 949/949 950/950
f 947/947 931/931 949/949
f 950/950 951/951 952/952
f 949/949 953/953 950/950
f 931/931 954/954 949/949
f 955/955 956/956 957/957
f 958/958 959/959 960/960
f 936/936 961/961 954/954
f 962/962 963/963 964/964
f 965/965 966/966 967/967
f 961/961 942/942 966/966
f 968/968 967/967 944/944
f 967/967 966/966 944/944
f 966/966 942/942 944/944
f 969/969 951/951 970/970
f 971/971 972/972 973/973
f 974/974 970/970 965/965
f 965/965 970/970 975/975
f 976/976 973/973 977/977
f 978/978 969/969 979/979
f 980/980 969/969 974/974
f 981/981 977/977 982/982
f 978/978 956/956 983/983
f 956/956 980/980 957/957
f 984/984 968/968 985/985
f 986/986 972/972 987/987
f 984/984 965/965 967/967
f 988/988 985/985 989/989
f 990/990 991/991 986/986
f 992/992 988/988 993/993
f 964/964 988/988 989/989
f 994/994 995/995 990/990
f 963/963 993/993 988/988
f 934/934 996/996 933/933
f 997/997 996/996 934/934
f 998/998 933/933 996/996
f 999/999 939/939 1000/1000
f 1000/1000 937/937 998/998
f 1001/1001 996/996 997/997
f 934/934 1002/1002 997/997
f 997/997 1002/1002 1003/1003
f 1004/1004 999/999 1000/1000
f 1001/1001 1000/1000 998/998
f 1005/1005 1001/1001 997/997
f 1005/1005 1003/1003 1006/1006
f 1007/1007 1008/1008 1004/1004
f 1009/1009 1004/1004 1001/1001
f 1010/1010 1009/1009 1005/1005
f 1010/1010 1006/1006 1011/1011
f 1012/1012 1007/1007 1013/1013
f 1013/1013 1009/1009 1014/1014
f 958/958 960/960 1015/1015
f 1015/1015 960/960 1016/1016
f 1017/1017 1016/1016 960/960
f 954/954 965/965 975/975
f 1017/1017 960/960 959/959
f 1018/1018 953/953 1019/1019
f 1020/1020 953/953 954/954
f 1020/1020 975/975 1021/1021
f 1018/1018 970/970 951/951
f 1022/1022 975/975 970/970
f 1023/1023 935/935 1024/1024
f 1024/1024 938/938 1025/1025
f 1026/1026 938/938 941/941
f 1023/1023 941/941 936/936
f 1027/1027 1025/1025 1028/1028
f 1028/1028 1026/1026 1029/1029
f 1030/1030 1026/1026 1023/1023
f 1027/1027 1023/1023 1024/1024
f 1031/1031 1028/1028 1032/1032
f 1032/1032 1029/1029 1033/1033
f 1033/1033 1030/1030 1034/1034
f 1031/1031 1030/1030 1027/1027
f 1035/1035 1036/1036 1037/1037
f 1038/1038 1036/1036 1039/1039
f 1040/1040 1039/1039 1041/1041
f 1035/1035 1041/1041 1042/1042
f 1043/1043 1037/1037 1044/1044
f 1044/1044 1038/1038 1045/1045
f 1046/1046 1038/1038 1040/1040
f 1046/1046 1035/1035 1043/1043
f 1047/1047 1044/1044 1048/1048
f 1049/1049 1044/1044 1045/1045
f 1050/1050 1045/1045 1046/1046
f 1050/1050 1043/1043 1047/1047
f 1051/1051 1047/1047 1048/1048
f 1051/1051 1048/1048 1049/1049
f 1051/1051 1049/1049 1050/1050
f 1051/1051 1050/1050 1047/1047
f 1052/1052 929/929 932/932
f 1052/1052 932/932 927/927
f 1053/1053 927/927 924/924
f 1054/1054 924/924 929/929
f 927/927 1055/1055 1052/1052
f 1055/1055 929/929 1052/1052
f 1053/1053 1056/1056 1057/1057
f 1056/1056 1055/1055 1057/1057
f 1054/1054 1058/1058 1053/1053
f 1055/1055 1059/1059 1054/1054
f 1060/1060 1061/1061 1062/1062
f 1061/1061 1063/1063 1064/1064
f 1065/1065 1062/1062 1066/1066
f 1064/1064 1065/1065 1066/1066
f 1060/1060 1067/1067 1068/1068
f 1067/1067 1063/1063 1068/1068
f 1065/1065 1069/1069 1060/1060
f 1070/1070 1065/1065 1063/1063
f 1071/1071 1067/1067 1069/1069
f 1067/1067 1072/1072 1070/1070
f 1073/1073 1071/1071 1069/1069
f 1072/1072 1073/1073 1070/1070
f 1074/1074 1075/1075 1071/1071
f 1074/1074 1072/1072 1075/1075
f 1074/1074 1071/1071 1076/1076
f 1074/1074 1076/1076 1072/1072
f 1077/1077 979/979 969/969
f 1077/1077 969/969 980/980
f 1077/1077 956/956 979/979
f 1077/1077 980/980 956/956
f 926/926 925/925 1078/1078
f 1078/1078 925/925 1079/1079
f 1079/1079 925/925 1080/1080
f 926/926 1081/1081 930/930
f 1079/1079 1082/1082 1083/1083
f 930/930 1084/1084 934/934
f 1081/1081 1085/1085 1084/1084
f 1083/1083 1086/1086 1085/1085
f 1085/1085 1087/1087 1084/1084
f 1088/1088 1089/1089 1087/1087
f 1090/1090 1091/1091 1088/1088
f 1089/1089 944/944 943/943
f 1091/1091 944/944 1089/1089
f 1092/1092 944/944 1091/1091
f 925/925 946/946 1093/1093
f 925/925 1093/1093 1094/1094
f 925/925 1094/1094 1080/1080
f 1093/1093 948/948 1095/1095
f 1096/1096 1093/1093 1095/1095
f 1082/1082 1094/1094 1096/1096
f 1095/1095 1097/1097 1098/1098
f 1096/1096 1098/1098 1099/1099
f 1099/1099 1082/1082 1096/1096
f 1100/1100 955/955 1101/1101
f 1102/1102 1103/1103 1104/1104
f 1086/1086 1105/1105 1090/1090
f 1106/1106 962/962 964/964
f 1107/1107 1108/1108 1109/1109
f 1092/1092 1105/1105 1107/1107
f 944/944 1109/1109 968/968
f 944/944 1107/1107 1109/1109
f 944/944 1092/1092 1107/1107
f 1097/1097 1110/1110 1111/1111
f 972/972 1112/1112 973/973
f 1113/1113 1111/1111 1110/1110
f 1108/1108 1114/1114 1111/1111
f 973/973 1115/1115 977/977
f 1110/1110 978/978 1116/1116
f 1113/1113 1110/1110 1117/1117
f 1115/1115 982/982 977/977
f 978/978 1100/1100 1116/1116
f 1101/1101 1117/1117 1100/1100
f 1118/1118 968/968 1109/1109
f 972/972 1119/1119 1120/1120
f 1108/1108 1118/1118 1109/1109
f 1121/1121 985/985 1118/1118
f 991/991 1122/1122 1119/1119
f 1123/1123 1121/1121 1118/1118
f 1121/1121 964/964 989/989
f 995/995 1124/1124 1122/1122
f 1125/1125 1106/1106 1121/1121
f 1084/1084 1126/1126 934/934
f 934/934 1126/1126 1127/1127
f 1084/1084 1128/1128 1126/1126
f 999/999 1089/1089 943/943
f 1129/1129 1087/1087 1089/1089
f 1126/1126 1130/1130 1127/1127
f 1003/1003 1002/1002 1127/1127
f 999/999 1131/1131 1129/1129
f 1129/1129 1130/1130 1128/1128
f 1130/1130 1132/1132 1127/1127
f 1132/1132 1003/1003 1127/1127
f 1008/1008 1133/1133 1131/1131
f 1131/1131 1134/1134 1130/1130
f 1134/1134 1135/1135 1132/1132
f 1135/1135 1006/1006 1132/1132
f 1012/1012 1133/1133 1136/1136
f 1137/1137 1134/1134 1133/1133
f 1138/1138 1102/1102 1104/1104
f 1139/1139 1102/1102 1138/1138
f 1102/1102 1139/1139 1140/1140
f 1099/1099 1108/1108 1105/1105
f 1103/1103 1102/1102 1140/1140
f 1141/1141 1098/1098 1097/1097
f 1098/1098 1142/1142 1099/1099
f 1142/1142 1114/1114 1099/1099
f 1111/1111 1141/1141 1097/1097
f 1114/1114 1143/1143 1111/1111
f 1144/1144 1085/1085 1086/1086
f 1145/1145 1088/1088 1085/1085
f 1088/1088 1146/1146 1090/1090
f 1090/1090 1144/1144 1086/1086
f 1147/1147 1148/1148 1145/1145
f 1149/1149 1146/1146 1148/1148
f 1146/1146 1150/1150 1144/1144
f 1144/1144 1147/1147 1145/1145
f 1151/1151 1149/1149 1147/1147
f 1152/1152 1153/1153 1149/1149
f 1154/1154 1150/1150 1153/1153
f 1150/1150 1151/1151 1147/1147
f 1155/1155 1156/1156 1157/1157
f 1158/1158 1159/1159 1156/1156
f 1159/1159 1160/1160 1161/1161
f 1161/1161 1155/1155 1157/1157
f 1162/1162 1158/1158 1155/1155
f 1163/1163 1164/1164 1158/1158
f 1164/1164 1165/1165 1160/1160
f 1165/1165 1155/1155 1160/1160
f 1166/1166 1163/1163 1162/1162
f 1163/1163 1167/1167 1168/1168
f 1168/1168 1169/1169 1165/1165
f 1169/1169 1162/1162 1165/1165
f 1170/1170 1166/1166 1171/1171
f 1167/1167 1170/1170 1171/1171
f 1169/1169 1167/1167 1171/1171
f 1166/1166 1169/1169 1171/1171
f 1083/1083 1081/1081 1172/1172
f 1079/1079 1083/1083 1172/1172
f 1173/1173 1079/1079 1174/1174
f 1175/1175 1078/1078 1173/1173
f 1176/1176 1079/1079 1172/1172
f 1175/1175 1172/1172 1081/1081
f 1177/1177 1173/1173 1174/1174
f 1177/1177 1176/1176 1178/1178
f 1179/1179 1175/1175 1173/1173
f 1180/1180 1176/1176 1175/1175
f 1181/1181 1182/1182 1183/1183
f 1184/1184 1182/1182 1185/1185
f 1186/1186 1187/1187 1181/1181
f 1186/1186 1185/1185 1188/1188
f 1189/1189 1181/1181 1183/1183
f 1189/1189 1184/1184 1190/1190
f 1191/1191 1186/1186 1181/1181
f 1190/1190 1186/1186 1192/1192
f 1193/1193 1189/1189 1194/1194
f 1195/1195 1189/1189 1190/1190
f 1193/1193 1192/1192 1191/1191
f 1195/1195 1192/1192 1196/1196
f 1193/1193 1194/1194 1197/1197
f 1194/1194 1195/1195 1197/1197
f 1196/1196 1193/1193 1197/1197
f 1195/1195 1196/1196 1197/1197
f 1110/1110 1116/1116 1198/1198
f 1117/1117 1110/1110 1198/1198
f 1116/1116 1100/1100 1198/1198
f 1100/1100 1117/1117 1198/1198
f 1199/1199 1200/1200 1201/1201
f 1202/1202 1200/1200 1203/1203
f 1204/1204 1205/1205 1202/1202
f 1204/1204 1201/1201 1206/1206
f 1207/1207 1208/1208 1209/1209
f 1210/1210 1208/1208 1211/1211
f 1212/1212 1213/1213 1210/1210
f 1212/1212 1209/1209 1214/1214
f 1215/1215 1216/1216 1217/1217
f 1218/1218 1216/1216 1219/1219
f 1220/1220 1221/1221 1218/1218
f 1220/1220 1217/1217 1222/1222
f 1223/1223 1224/1224 1225/1225
f 1226/1226 1224/1224 1227/1227
f 1228/1228 1229/1229 1226/1226
f 1228/1228 1225/1225 1230/1230
f 1231/1231 1232/1232 1233/1233
f 1234/1234 1232/1232 1235/1235
f 1236/1236 1237/1237 1234/1234
f 1236/1236 1233/1233 1238/1238
f 1239/1239 1240/1240 1241/1241
f 1242/1242 1240/1240 1243/1243
f 1244/1244 1245/1245 1242/1242
f 1244/1244 1241/1241 1246/1246
f 1247/1247 1248/1248 1249/1249
f 1250/1250 1248/1248 1251/1251
f 1252/1252 1253/1253 1250/1250
f 1252/1252 1249/1249 1254/1254
f 1255/1255 1256/1256 1257/1257
f 1258/1258 1256/1256 1259/1259
f 1260/1260 1261/1261 1258/1258
f 1260/1260 1257/1257 1262/1262
f 1263/1263 1264/1264 1265/1265
f 1266/1266 1264/1264 1267/1267
f 1268/1268 1269/1269 1266/1266
f 1268/1268 1265/1265 1270/1270
f 1271/1271 1272/1272 1273/1273
f 1274/1274 1272/1272 1275/1275
f 1276/1276 1277/1277 1274/1274
f 1276/1276 1273/1273 1278/1278
f 1279/1279 1280/1280 1281/1281
f 1282/1282 1280/1280 1283/1283
f 1284/1284 1285/1285 1282/1282
f 1284/1284 1281/1281 1286/1286
f 1287/1287 1288/1288 1289/1289
f 1290/1290 1288/1288 1291/1291
f 1292/1292 1293/1293 1290/1290
f 1292/1292 1289/1289 1294/1294
f 1295/1295 1296/1296 1297/1297
f 1298/1298 1296/1296 1299/1299
f 1300/1300 1301/1301 1298/1298
f 1300/1300 1297/1297 1302/1302
f 1303/1303 1304/1304 1305/1305
f 1306/1306 1304/1304 1307/1307
f 1308/1308 1309/1309 1306/1306
f 1308/1308 1305/1305 1310/1310
f 1311/1311 1312/1312 1313/1313
f 1314/1314 1312/1312 1315/1315
f 1316/1316 1317/1317 1314/1314
f 1316/1316 1313/1313 1318/1318
f 1319/1319 1320/1320 1321/1321
f 1322/1322 1320/1320 1323/1323
f 1324/1324 1325/1325 1322/1322
f 1324/1324 1321/1321 1326/1326
f 1327/1327 1328/1328 1329/1329
f 1330/1330 1328/1328 1331/1331
f 1332/1332 1333/1333 1330/1330
f 1332/1332 1329/1329 1334/1334
f 1335/1335 1336/1336 1337/1337
f 1338/1338 1336/1336 1339/1339
f 1340/1340 1341/1341 1338/1338
f 1340/1340 1337/1337 1342/1342
f 1343/1343 1344/1344 1345/1345
f 1346/1346 1344/1344 1347/1347
f 1348/1348 1349/1349 1346/1346
f 1348/1348 1345/1345 1350/1350
f 1351/1351 1352/1352 1353/1353
f 1354/1354 1352/1352 1355/1355
f 1356/1356 1357/1357 1354/1354
f 1356/1356 1353/1353 1358/1358
f 929/929 924/924 926/926
f 931/931 928/928 927/927
f 933/933 929/929 930/930
f 935/935 932/932 929/929
f 936/936 931/931 932/932
f 935/935 933/933 937/937
f 938/938 937/937 939/939
f 941/941 938/938 940/940
f 945/945 950/950 948/948
f 945/945 947/947 949/949
f 947/947 928/928 931/931
f 950/950 953/953 951/951
f 949/949 954/954 953/953
f 931/931 936/936 954/954
f 955/955 983/983 956/956
f 936/936 941/941 961/961
f 962/962 1359/1359 963/963
f 965/965 961/961 966/966
f 961/961 941/941 942/942
f 969/969 952/952 951/951
f 971/971 987/987 972/972
f 974/974 969/969 970/970
f 976/976 971/971 973/973
f 978/978 948/948 969/969
f 981/981 976/976 977/977
f 978/978 979/979 956/956
f 984/984 967/967 968/968
f 986/986 991/991 972/972
f 984/984 992/992 965/965
f 988/988 984/984 985/985
f 990/990 995/995 991/991
f 992/992 984/984 988/988
f 964/964 963/963 988/988
f 994/994 1360/1360 995/995
f 963/963 1359/1359 993/993
f 998/998 937/937 933/933
f 999/999 943/943 939/939
f 1000/1000 939/939 937/937
f 1001/1001 998/998 996/996
f 934/934 1127/1127 1002/1002
f 1004/1004 1008/1008 999/999
f 1001/1001 1004/1004 1000/1000
f 1005/1005 1009/1009 1001/1001
f 1005/1005 997/997 1003/1003
f 1007/1007 1136/1136 1008/1008
f 1009/1009 1007/1007 1004/1004
f 1010/1010 1014/1014 1009/1009
f 1010/1010 1005/1005 1006/1006
f 1012/1012 1136/1136 1007/1007
f 1013/1013 1007/1007 1009/1009
f 954/954 961/961 965/965
f 1018/1018 951/951 953/953
f 1020/1020 1019/1019 953/953
f 1020/1020 954/954 975/975
f 1018/1018 1022/1022 970/970
f 1022/1022 1021/1021 975/975
f 1023/1023 936/936 935/935
f 1024/1024 935/935 938/938
f 1026/1026 1025/1025 938/938
f 1023/1023 1026/1026 941/941
f 1027/1027 1024/1024 1025/1025
f 1028/1028 1025/1025 1026/1026
f 1030/1030 1029/1029 1026/1026
f 1027/1027 1030/1030 1023/1023
f 1031/1031 1027/1027 1028/1028
f 1032/1032 1028/1028 1029/1029
f 1033/1033 1029/1029 1030/1030
f 1031/1031 1034/1034 1030/1030
f 1035/1035 1042/1042 1036/1036
f 1038/1038 1037/1037 1036/1036
f 1040/1040 1038/1038 1039/1039
f 1035/1035 1040/1040 1041/1041
f 1043/1043 1035/1035 1037/1037
f 1044/1044 1037/1037 1038/1038
f 1046/1046 1045/1045 1038/1038
f 1046/1046 1040/1040 1035/1035
f 1047/1047 1043/1043 1044/1044
f 1049/1049 1048/1048 1044/1044
f 1050/1050 1049/1049 1045/1045
f 1050/1050 1046/1046 1043/1043
f 1053/1053 1057/1057 927/927
f 1054/1054 1053/1053 924/924
f 927/927 1057/1057 1055/1055
f 1055/1055 1054/1054 929/929
f 1053/1053 1058/1058 1056/1056
f 1056/1056 1361/1361 1055/1055
f 1054/1054 1059/1059 1058/1058
f 1055/1055 1361/1361 1059/1059
f 1060/1060 1068/1068 1061/1061
f 1061/1061 1068/1068 1063/1063
f 1065/1065 1060/1060 1062/1062
f 1064/1064 1063/1063 1065/1065
f 1060/1060 1069/1069 1067/1067
f 1067/1067 1070/1070 1063/1063
f 1065/1065 1073/1073 1069/1069
f 1070/1070 1073/1073 1065/1065
f 1071/1071 1075/1075 1067/1067
f 1067/1067 1075/1075 1072/1072
f 1073/1073 1076/1076 1071/1071
f 1072/1072 1076/1076 1073/1073
f 926/926 1078/1078 1081/1081
f 1079/1079 1080/1080 1082/1082
f 930/930 1081/1081 1084/1084
f 1081/1081 1083/1083 1085/1085
f 1083/1083 1082/1082 1086/1086
f 1085/1085 1088/1088 1087/1087
f 1088/1088 1091/1091 1089/1089
f 1090/1090 1092/1092 1091/1091
f 1093/1093 946/946 948/948
f 1096/1096 1094/1094 1093/1093
f 1082/1082 1080/1080 1094/1094
f 1095/1095 952/952 1097/1097
f 1096/1096 1095/1095 1098/1098
f 1099/1099 1086/1086 1082/1082
f 1100/1100 983/983 955/955
f 1086/1086 1099/1099 1105/1105
f 1106/1106 1362/1362 962/962
f 1107/1107 1105/1105 1108/1108
f 1092/1092 1090/1090 1105/1105
f 1097/1097 952/952 1110/1110
f 972/972 1120/1120 1112/1112
f 1113/1113 1108/1108 1111/1111
f 973/973 1112/1112 1115/1115
f 1110/1110 948/948 978/978
f 1115/1115 1363/1363 982/982
f 978/978 983/983 1100/1100
f 1118/1118 985/985 968/968
f 972/972 991/991 1119/1119
f 1108/1108 1123/1123 1118/1118
f 1121/1121 989/989 985/985
f 991/991 995/995 1122/1122
f 1123/1123 1125/1125 1121/1121
f 1121/1121 1106/1106 964/964
f 995/995 1360/1360 1124/1124
f 1125/1125 1362/1362 1106/1106
f 1084/1084 1087/1087 1128/1128
f 999/999 1129/1129 1089/1089
f 1129/1129 1128/1128 1087/1087
f 1126/1126 1128/1128 1130/1130
f 999/999 1008/1008 1131/1131
f 1129/1129 1131/1131 1130/1130
f 1130/1130 1134/1134 1132/1132
f 1132/1132 1006/1006 1003/1003
f 1008/1008 1136/1136 1133/1133
f 1131/1131 1133/1133 1134/1134
f 1134/1134 1364/1364 1135/1135
f 1135/1135 1011/1011 1006/1006
f 1012/1012 1137/1137 1133/1133
f 1137/1137 1364/1364 1134/1134
f 1099/1099 1114/1114 1108/1108
f 1141/1141 1365/1365 1098/1098
f 1098/1098 1365/1365 1142/1142
f 1142/1142 1366/1366 1114/1114
f 1111/1111 1143/1143 1141/1141
f 1114/1114 1366/1366 1143/1143
f 1144/1144 1145/1145 1085/1085
f 1145/1145 1148/1148 1088/1088
f 1088/1088 1148/1148 1146/1146
f 1090/1090 1146/1146 1144/1144
f 1147/1147 1149/1149 1148/1148
f 1149/1149 1153/1153 1146/1146
f 1146/1146 1153/1153 1150/1150
f 1144/1144 1150/1150 1147/1147
f 1151/1151 1152/1152 1149/1149
f 1152/1152 1154/1154 1153/1153
f 1154/1154 1367/1367 1150/1150
f 1150/1150 1367/1367 1151/1151
f 1155/1155 1158/1158 1156/1156
f 1158/1158 1164/1164 1159/1159
f 1159/1159 1164/1164 1160/1160
f 1161/1161 1160/1160 1155/1155
f 1162/1162 1163/1163 1158/1158
f 1163/1163 1168/1168 1164/1164
f 1164/1164 1168/1168 1165/1165
f 1165/1165 1162/1162 1155/1155
f 1166/1166 1170/1170 1163/1163
f 1163/1163 1170/1170 1167/1167
f 1168/1168 1167/1167 1169/1169
f 1169/1169 1166/1166 1162/1162
f 1173/1173 1078/1078 1079/1079
f 1175/1175 1081/1081 1078/1078
f 1176/1176 1174/1174 1079/1079
f 1175/1175 1176/1176 1172/1172
f 1177/1177 1179/1179 1173/1173
f 1177/1177 1174/1174 1176/1176
f 1179/1179 1180/1180 1175/1175
f 1180/1180 1178/1178 1176/1176
f 1181/1181 1187/1187 1182/1182
f 1184/1184 1183/1183 1182/1182
f 1186/1186 1188/1188 1187/1187
f 1186/1186 1184/1184 1185/1185
f 1189/1189 1191/1191 1181/1181
f 1189/1189 1183/1183 1184/1184
f 1191/1191 1192/1192 1186/1186
f 1190/1190 1184/1184 1186/1186
f 1193/1193 1191/1191 1189/1189
f 1195/1195 1194/1194 1189/1189
f 1193/1193 1196/1196 1192/1192
f 1195/1195 1190/1190 1192/1192
f 1199/1199 1203/1203 1200/1200
f 1202/1202 1205/1205 1200/1200
f 1204/1204 1206/1206 1205/1205
f 1204/1204 1199/1199 1201/1201
f 1207/1207 1211/1211 1208/1208
f 1210/1210 1213/1213 1208/1208
f 1212/1212 1214/1214 1213/1213
f 1212/1212 1207/1207 1209/1209
f 1215/1215 1219/1219 1216/1216
f 1218/1218 1221/1221 1216/1216
f 1220/1220 1222/1222 1221/1221
f 1220/1220 1215/1215 1217/1217
f 1223/1223 1227/1227 1224/1224
f 1226/1226 1229/1229 1224/1224
f 1228/1228 1230/1230 1229/1229
f 1228/1228 1223/1223 1225/1225
f 1231/1231 1235/1235 1232/1232
f 1234/1234 1237/1237 1232/1232
f 1236/1236 1238/1238 1237/1237
f 1236/1236 1231/1231 1233/1233
f 1239/1239 1243/1243 1240/1240
f 1242/1242 1245/1245 1240/1240
f 1244/1244 1246/1246 1245/1245
f 1244/1244 1239/1239 1241/1241
f 1247/1247 1251/1251 1248/1248
f 1250/1250 1253/1253 1248/1248
f 1252/1252 1254/1254 1253/1253
f 1252/1252 1247/1247 1249/1249
f 1255/1255 1259/1259 1256/1256
f 1258/1258 1261/1261 1256/1256
f 1260/1260 1262/1262 1261/1261
f 1260/1260 1255/1255 1257/1257
f 1263/1263 1267/1267 1264/1264
f 1266/1266 1269/1269 1264/1264
f 1268/1268 1270/1270 1269/1269
f 1268/1268 1263/1263 1265/1265
f 1271/1271 1275/1275 1272/1272
f 1274/1274 1277/1277 1272/1272
f 1276/1276 1278/1278 1277/1277
f 1276/1276 1271/1271 1273/1273
f 1279/1279 1283/1283 1280/1280
f 1282/1282 1285/1285 1280/1280
f 1284/1284 1286/1286 1285/1285
f 1284/1284 1279/1279 1281/1281
f 1287/1287 1291/1291 1288/1288
f 1290/1290 1293/1293 1288/1288
f 1292/1292 1294/1294 1293/1293
f 1292/1292 1287/1287 1289/1289
f 1295/1295 1299/1299 1296/1296
f 1298/1298 1301/1301 1296/1296
f 1300/1300 1302/1302 1301/1301
f 1300/1300 1295/1295 1297/1297
f 1303/1303 1307/1307 1304/1304
f 1306/1306 1309/1309 1304/1304
f 1308/1308 1310/1310 1309/1309
f 1308/1308 1303/1303 1305/1305
f 1311/1311 1315/1315 1312/1312
f 1314/1314 1317/1317 1312/1312
f 1316/1316 1318/1318 1317/1317
f 1316/1316 1311/1311 1313/1313
f 1319/1319 1323/1323 1320/1320
f 1322/1322 1325/1325 1320/1320
f 1324/1324 1326/1326 1325/1325
f 1324/1324 1319/1319 1321/1321
f 1327/1327 1331/1331 1328/1328
f 1330/1330 1333/1333 1328/1328
f 1332/1332 1334/1334 1333/1333
f 1332/1332 1327/1327 1329/1329
f 1335/1335 1339/1339 1336/1336
f 1338/1338 1341/1341 1336/1336
f 1340/1340 1342/1342 1341/1341
f 1340/1340 1335/1335 1337/1337
f 1343/1343 1347/1347 1344/1344
f 1346/1346 1349/1349 1344/1344
f 1348/1348 1350/1350 1349/1349
f 1348/1348 1343/1343 1345/1345
f 1351/1351 1355/1355 1352/1352
f 1354/1354 1357/1357 1352/1352
f 1356/1356 1358/1358 1357/1357
f 1356/1356 1351/1351 1353/1353

g Object_color_0.639200-0.549000-0.192200.jpg

usemtl mat_4-color_0.639200-0.549000-0.192200.jpg

f 1368/1368 1369/1369 1370/1370
f 1371/1371 1372/1372 1369/1369
f 1373/1373 1374/1374 1372/1372
f 1373/1373 1370/1370 1374/1374
f 1375/1375 1371/1371 1376/1376
f 1377/1377 1371/1371 1368/1368
f 1375/1375 1368/1368 1373/1373
f 1378/1378 1376/1376 1379/1379
f 1379/1379 1377/1377 1380/1380
f 1380/1380 1375/1375 1378/1378
f 1381/1381 1378/1378 1379/1379
f 1381/1381 1380/1380 1382/1382
f 1382/1382 1378/1378 1383/1383
f 1384/1384 1383/1383 1381/1381
f 1384/1384 1381/1381 1382/1382
f 1384/1384 1382/1382 1383/1383
f 1370/1370 1385/1385 1386/1386
f 1387/1387 1370/1370 1386/1386
f 1387/1387 1388/1388 1389/1389
f 1369/1369 1390/1390 1385/1385
f 1388/1388 1391/1391 1389/1389
f 1388/1388 1392/1392 1393/1393
f 1390/1390 1394/1394 1392/1392
f 1372/1372 1395/1395 1394/1394
f 1389/1389 1395/1395 1374/1374
f 1393/1393 1396/1396 1391/1391
f 1392/1392 1397/1397 1393/1393
f 1392/1392 1398/1398 1399/1399
f 1394/1394 1400/1400 1398/1398
f 1395/1395 1396/1396 1400/1400
f 1396/1396 1401/1401 1402/1402
f 1397/1397 1403/1403 1401/1401
f 1398/1398 1403/1403 1399/1399
f 1400/1400 1404/1404 1398/1398
f 1400/1400 1402/1402 1405/1405
f 1402/1402 1406/1406 1407/1407
f 1401/1401 1408/1408 1406/1406
f 1404/1404 1408/1408 1403/1403
f 1405/1405 1409/1409 1404/1404
f 1405/1405 1407/1407 1410/1410
f 1407/1407 1411/1411 1412/1412
f 1406/1406 1413/1413 1411/1411
f 1409/1409 1413/1413 1408/1408
f 1410/1410 1414/1414 1409/1409
f 1410/1410 1412/1412 1415/1415
f 1416/1416 1413/1413 1414/1414
f 1416/1416 1414/1414 1415/1415
f 1417/1417 1385/1385 1418/1418
f 1417/1417 1388/1388 1386/1386
f 1419/1419 1390/1390 1388/1388
f 1419/1419 1385/1385 1390/1390
f 1420/1420 1419/1419 1417/1417
f 1420/1420 1418/1418 1421/1421
f 1421/1421 1419/1419 1422/1422
f 1423/1423 1420/1420 1424/1424
f 1424/1424 1421/1421 1425/1425
f 1423/1423 1421/1421 1422/1422
f 1426/1426 1425/1425 1427/1427
f 1427/1427 1423/1423 1428/1428
f 1426/1426 1423/1423 1424/1424
f 1429/1429 1426/1426 1427/1427
f 1429/1429 1427/1427 1428/1428
f 1429/1429 1428/1428 1426/1426
f 1430/1430 1370/1370 1387/1387
f 1431/1431 1387/1387 1389/1389
f 1389/1389 1374/1374 1431/1431
f 1370/1370 1431/1431 1374/1374
f 1432/1432 1430/1430 1431/1431
f 1430/1430 1433/1433 1434/1434
f 1434/1434 1432/1432 1431/1431
f 1435/1435 1436/1436 1432/1432
f 1436/1436 1437/1437 1433/1433
f 1437/1437 1432/1432 1433/1433
f 1435/1435 1438/1438 1439/1439
f 1438/1438 1437/1437 1439/1439
f 1440/1440 1435/1435 1437/1437
f 1438/1438 1441/1441 1442/1442
f 1440/1440 1438/1438 1442/1442
f 1441/1441 1440/1440 1442/1442
f 1443/1443 1444/1444 1445/1445
f 1446/1446 1445/1445 1447/1447
f 1447/1447 1448/1448 1446/1446
f 1444/1444 1446/1446 1448/1448
f 1449/1449 1443/1443 1446/1446
f 1443/1443 1450/1450 1451/1451
f 1451/1451 1449/1449 1446/1446
f 1452/1452 1453/1453 1449/1449
f 1454/1454 1450/1450 1453/1453
f 1450/1450 1452/1452 1449/1449
f 1452/1452 1455/1455 1454/1454
f 1455/1455 1456/1456 1454/1454
f 1457/1457 1452/1452 1456/1456
f 1455/1455 1458/1458 1459/1459
f 1457/1457 1455/1455 1459/1459
f 1458/1458 1457/1457 1459/1459
f 1445/1445 1460/1460 1461/1461
f 1462/1462 1461/1461 1460/1460
f 1463/1463 1460/1460 1464/1464
f 1445/1445 1465/1465 1447/1447
f 1463/1463 1466/1466 1467/1467
f 1465/1465 1467/1467 1468/1468
f 1469/1469 1465/1465 1468/1468
f 1470/1470 1447/1447 1469/1469
f 1464/1464 1470/1470 1466/1466
f 1467/1467 1471/1471 1472/1472
f 1468/1468 1472/1472 1473/1473
f 1474/1474 1468/1468 1473/1473
f 1475/1475 1469/1469 1474/1474
f 1471/1471 1470/1470 1475/1475
f 1476/1476 1471/1471 1477/1477
f 1478/1478 1472/1472 1476/1476
f 1474/1474 1478/1478 1479/1479
f 1475/1475 1479/1479 1480/1480
f 1477/1477 1475/1475 1480/1480
f 1481/1481 1477/1477 1482/1482
f 1483/1483 1476/1476 1481/1481
f 1479/1479 1483/1483 1484/1484
f 1480/1480 1484/1484 1485/1485
f 1482/1482 1480/1480 1485/1485
f 1486/1486 1482/1482 1487/1487
f 1488/1488 1481/1481 1486/1486
f 1484/1484 1488/1488 1489/1489
f 1485/1485 1489/1489 1490/1490
f 1487/1487 1485/1485 1490/1490
f 1489/1489 1488/1488 1491/1491
f 1490/1490 1489/1489 1491/1491
f 1492/1492 1461/1461 1462/1462
f 1463/1463 1492/1492 1462/1462
f 1463/1463 1465/1465 1493/1493
f 1494/1494 1465/1465 1461/1461
f 1493/1493 1495/1495 1492/1492
f 1492/1492 1496/1496 1494/1494
f 1494/1494 1497/1497 1493/1493
f 1497/1497 1498/1498 1495/1495
f 1495/1495 1499/1499 1496/1496
f 1496/1496 1500/1500 1497/1497
f 1498/1498 1501/1501 1499/1499
f 1501/1501 1500/1500 1499/1499
f 1500/1500 1502/1502 1498/1498
f 1501/1501 1502/1502 1503/1503
f 1504/1504 1501/1501 1503/1503
f 1502/1502 1504/1504 1503/1503
f 1505/1505 1460/1460 1444/1444
f 1506/1506 1464/1464 1460/1460
f 1507/1507 1448/1448 1464/1464
f 1507/1507 1444/1444 1448/1448
f 1508/1508 1506/1506 1509/1509
f 1510/1510 1506/1506 1505/1505
f 1508/1508 1505/1505 1507/1507
f 1511/1511 1509/1509 1512/1512
f 1513/1513 1509/1509 1510/1510
f 1513/1513 1508/1508 1511/1511
f 1514/1514 1511/1511 1512/1512
f 1514/1514 1513/1513 1515/1515
f 1515/1515 1511/1511 1516/1516
f 1517/1517 1516/1516 1514/1514
f 1517/1517 1514/1514 1515/1515
f 1517/1517 1515/1515 1516/1516
f 1518/1518 1519/1519 1520/1520
f 1521/1521 1519/1519 1518/1518
f 1522/1522 1521/1521 1523/1523
f 1522/1522 1524/1524 1519/1519
f 1525/1525 1522/1522 1523/1523
f 1526/1526 1524/1524 1525/1525
f 1527/1527 1528/1528 1529/1529
f 1530/1530 1528/1528 1527/1527
f 1531/1531 1530/1530 1532/1532
f 1531/1531 1533/1533 1528/1528
f 1534/1534 1531/1531 1532/1532
f 1535/1535 1533/1533 1534/1534
f 1536/1536 1537/1537 1538/1538
f 1536/1536 1539/1539 1540/1540
f 1540/1540 1539/1539 1541/1541
f 1539/1539 1542/1542 1543/1543
f 1540/1540 1537/1537 1536/1536
f 1541/1541 1539/1539 1543/1543
f 1544/1544 1540/1540 1541/1541
f 1545/1545 1546/1546 1547/1547
f 1545/1545 1546/1546 1548/1548
f 1549/1549 1545/1545 1548/1548
f 1549/1549 1548/1548 1550/1550
f 1551/1551 1549/1549 1552/1552
f 1549/1549 1550/1550 1552/1552
f 1548/1548 1553/1553 1550/1550
f 1554/1554 1555/1555 1556/1556
f 1557/1557 1554/1554 1558/1558
f 1557/1557 1558/1558 1559/1559
f 1560/1560 1558/1558 1554/1554
f 1558/1558 1561/1561 1559/1559
f 1560/1560 1562/1562 1561/1561
f 1563/1563 1564/1564 1565/1565
f 1566/1566 1564/1564 1563/1563
f 1567/1567 1566/1566 1568/1568
f 1569/1569 1566/1566 1563/1563
f 1566/1566 1570/1570 1568/1568
f 1569/1569 1571/1571 1570/1570
f 1368/1368 1371/1371 1369/1369
f 1371/1371 1373/1373 1372/1372
f 1373/1373 1368/1368 1370/1370
f 1375/1375 1373/1373 1371/1371
f 1377/1377 1376/1376 1371/1371
f 1375/1375 1377/1377 1368/1368
f 1378/1378 1375/1375 1376/1376
f 1379/1379 1376/1376 1377/1377
f 1380/1380 1377/1377 1375/1375
f 1381/1381 1383/1383 1378/1378
f 1381/1381 1379/1379 1380/1380
f 1382/1382 1380/1380 1378/1378
f 1370/1370 1369/1369 1385/1385
f 1387/1387 1386/1386 1388/1388
f 1369/1369 1372/1372 1390/1390
f 1388/1388 1393/1393 1391/1391
f 1388/1388 1390/1390 1392/1392
f 1390/1390 1372/1372 1394/1394
f 1372/1372 1374/1374 1395/1395
f 1389/1389 1391/1391 1395/1395
f 1393/1393 1397/1397 1396/1396
f 1392/1392 1399/1399 1397/1397
f 1392/1392 1394/1394 1398/1398
f 1394/1394 1395/1395 1400/1400
f 1395/1395 1391/1391 1396/1396
f 1396/1396 1397/1397 1401/1401
f 1397/1397 1399/1399 1403/1403
f 1398/1398 1404/1404 1403/1403
f 1400/1400 1405/1405 1404/1404
f 1400/1400 1396/1396 1402/1402
f 1402/1402 1401/1401 1406/1406
f 1401/1401 1403/1403 1408/1408
f 1404/1404 1409/1409 1408/1408
f 1405/1405 1410/1410 1409/1409
f 1405/1405 1402/1402 1407/1407
f 1407/1407 1406/1406 1411/1411
f 1406/1406 1408/1408 1413/1413
f 1409/1409 1414/1414 1413/1413
f 1410/1410 1415/1415 1414/1414
f 1410/1410 1407/1407 1412/1412
f 1417/1417 1386/1386 1385/1385
f 1417/1417 1419/1419 1388/1388
f 1419/1419 1418/1418 1385/1385
f 1420/1420 1422/1422 1419/1419
f 1420/1420 1417/1417 1418/1418
f 1421/1421 1418/1418 1419/1419
f 1423/1423 1422/1422 1420/1420
f 1424/1424 1420/1420 1421/1421
f 1423/1423 1425/1425 1421/1421
f 1426/1426 1424/1424 1425/1425
f 1427/1427 1425/1425 1423/1423
f 1426/1426 1428/1428 1423/1423
f 1430/1430 1434/1434 1370/1370
f 1431/1431 1430/1430 1387/1387
f 1370/1370 1434/1434 1431/1431
f 1432/1432 1436/1436 1430/1430
f 1430/1430 1436/1436 1433/1433
f 1434/1434 1433/1433 1432/1432
f 1435/1435 1439/1439 1436/1436
f 1436/1436 1439/1439 1437/1437
f 1437/1437 1435/1435 1432/1432
f 1435/1435 1441/1441 1438/1438
f 1438/1438 1440/1440 1437/1437
f 1440/1440 1441/1441 1435/1435
f 1443/1443 1451/1451 1444/1444
f 1446/1446 1443/1443 1445/1445
f 1444/1444 1451/1451 1446/1446
f 1449/1449 1453/1453 1443/1443
f 1443/1443 1453/1453 1450/1450
f 1451/1451 1450/1450 1449/1449
f 1452/1452 1454/1454 1453/1453
f 1454/1454 1456/1456 1450/1450
f 1450/1450 1456/1456 1452/1452
f 1452/1452 1458/1458 1455/1455
f 1455/1455 1457/1457 1456/1456
f 1457/1457 1458/1458 1452/1452
f 1445/1445 1444/1444 1460/1460
f 1463/1463 1462/1462 1460/1460
f 1445/1445 1461/1461 1465/1465
f 1463/1463 1464/1464 1466/1466
f 1465/1465 1463/1463 1467/1467
f 1469/1469 1447/1447 1465/1465
f 1470/1470 1448/1448 1447/1447
f 1464/1464 1448/1448 1470/1470
f 1467/1467 1466/1466 1471/1471
f 1468/1468 1467/1467 1472/1472
f 1474/1474 1469/1469 1468/1468
f 1475/1475 1470/1470 1469/1469
f 1471/1471 1466/1466 1470/1470
f 1476/1476 1472/1472 1471/1471
f 1478/1478 1473/1473 1472/1472
f 1474/1474 1473/1473 1478/1478
f 1475/1475 1474/1474 1479/1479
f 1477/1477 1471/1471 1475/1475
f 1481/1481 1476/1476 1477/1477
f 1483/1483 1478/1478 1476/1476
f 1479/1479 1478/1478 1483/1483
f 1480/1480 1479/1479 1484/1484
f 1482/1482 1477/1477 1480/1480
f 1486/1486 1481/1481 1482/1482
f 1488/1488 1483/1483 1481/1481
f 1484/1484 1483/1483 1488/1488
f 1485/1485 1484/1484 1489/1489
f 1487/1487 1482/1482 1485/1485
f 1492/1492 1494/1494 1461/1461
f 1463/1463 1493/1493 1492/1492
f 1494/1494 1493/1493 1465/1465
f 1493/1493 1497/1497 1495/1495
f 1492/1492 1495/1495 1496/1496
f 1494/1494 1496/1496 1497/1497
f 1497/1497 1500/1500 1498/1498
f 1495/1495 1498/1498 1499/1499
f 1496/1496 1499/1499 1500/1500
f 1498/1498 1502/1502 1501/1501
f 1501/1501 1504/1504 1500/1500
f 1500/1500 1504/1504 1502/1502
f 1505/1505 1506/1506 1460/1460
f 1506/1506 1507/1507 1464/1464
f 1507/1507 1505/1505 1444/1444
f 1508/1508 1507/1507 1506/1506
f 1510/1510 1509/1509 1506/1506
f 1508/1508 1510/1510 1505/1505
f 1511/1511 1508/1508 1509/1509
f 1513/1513 1512/1512 1509/1509
f 1513/1513 1510/1510 1508/1508
f 1514/1514 1516/1516 1511/1511
f 1514/1514 1512/1512 1513/1513
f 1515/1515 1513/1513 1511/1511
f 1521/1521 1522/1522 1519/1519
f 1522/1522 1525/1525 1524/1524
f 1530/1530 1531/1531 1528/1528
f 1531/1531 1534/1534 1533/1533
f 1536/1536 1542/1542 1539/1539
f 1549/1549 1551/1551 1545/1545
f 1557/1557 1555/1555 1554/1554
f 1560/1560 1561/1561 1558/1558
f 1566/1566 1567/1567 1564/1564
f 1569/1569 1570/1570 1566/1566

g Object_default-grey.jpg

usemtl mat_5-default-grey.jpg

# num_faces: 2459
