mtllib HO4ZI3DHB4QGYROO5HFQBIK2R.mtl
v -0.461236 -0.064033 -0.249382
v -0.421324 -0.083154 -0.231200
v -0.425279 -0.057146 -0.230970
v -0.455123 -0.097593 -0.250504
v -0.487972 -0.107166 -0.305143
v -0.431584 -0.119005 -0.263481
v -0.474804 -0.119508 -0.312087
v -0.459766 -0.116139 -0.321909
v -0.564690 -0.148609 -0.397979
v -0.551681 -0.144949 -0.411331
v -0.583904 -0.171839 -0.428372
v -0.568503 -0.154172 -0.445318
v -0.612096 -0.154411 -0.461577
v -0.560455 -0.115017 -0.452615
v -0.608305 -0.119695 -0.472994
v -0.583489 -0.093710 -0.436191
v -0.619953 -0.099506 -0.444688
v -0.603858 -0.096088 -0.406964
v -0.621841 -0.102676 -0.410673
v -0.614210 -0.118021 -0.385047
v -0.650287 -0.114732 -0.367203
v -0.612738 -0.148790 -0.386128
v -0.651328 -0.164197 -0.371744
v -0.620676 -0.161858 -0.396964
v -0.658510 -0.171019 -0.409163
v -0.617732 -0.167139 -0.436805
v -0.665231 -0.179241 -0.441544
v -0.672577 -0.156905 -0.477907
v -0.675716 -0.115382 -0.491643
v -0.773529 -0.154366 -0.453768
v -0.775293 -0.118324 -0.467105
v -0.898564 -0.158654 -0.455477
v -0.901930 -0.110862 -0.468558
v -0.945729 -0.173872 -0.458929
v -0.945074 -0.107778 -0.469403
v -0.989992 -0.154937 -0.425036
v -0.992972 -0.109906 -0.433573
v -1.089072 -0.110831 -0.397712
v -0.986329 -0.097171 -0.401685
v -1.078079 -0.098913 -0.379959
v -1.066007 -0.135210 -0.361604
v -1.167436 -0.107816 -0.327949
v -1.158562 -0.134580 -0.317426
v -1.250000 -0.131421 -0.247280
v -1.167402 -0.160007 -0.327728
v -1.178092 -0.149289 -0.341455
v -1.078140 -0.169121 -0.380349
v -1.089407 -0.154245 -0.397755
v -1.089158 -0.154016 0.397791
v -0.990301 -0.155638 0.425596
v -1.089203 -0.110949 0.397512
v -1.077916 -0.169170 0.380550
v -1.178188 -0.149502 0.341153
v -1.166941 -0.160097 0.327982
v -1.249967 -0.131373 0.247226
v -1.158952 -0.134604 0.317595
v -1.166888 -0.107613 0.328272
v -1.066125 -0.134918 0.361745
v -1.077631 -0.098687 0.380250
v -0.986604 -0.097667 0.401567
v -0.992762 -0.110180 0.434039
v -0.945047 -0.107441 0.469540
v -0.945488 -0.173455 0.458970
v -0.901506 -0.110489 0.468960
v -0.898660 -0.158788 0.455684
v -0.775540 -0.118617 0.467123
v -0.773300 -0.154567 0.453899
v -0.675601 -0.115918 0.491995
v -0.672280 -0.156940 0.477833
v -0.611371 -0.153999 0.461459
v -0.664761 -0.178936 0.441715
v -0.618324 -0.167093 0.436769
v -0.658192 -0.170692 0.409912
v -0.620314 -0.161986 0.396810
v -0.651365 -0.164540 0.372000
v -0.612753 -0.148596 0.386535
v -0.650291 -0.114865 0.367577
v -0.614363 -0.117956 0.385467
v -0.621753 -0.102859 0.410365
v -0.603047 -0.095887 0.407493
v -0.619865 -0.099394 0.445146
v -0.583141 -0.094061 0.436484
v -0.607984 -0.119530 0.473257
v -0.561006 -0.115159 0.452476
v -0.568677 -0.154527 0.445394
v -0.584055 -0.171829 0.429694
v -0.551537 -0.145448 0.411634
v -0.564673 -0.148754 0.397987
v -0.460565 -0.115849 0.321897
v -0.474930 -0.119969 0.311814
v -0.431757 -0.118598 0.263591
v -0.488306 -0.107165 0.305406
v -0.455070 -0.097760 0.250402
v -0.461011 -0.064010 0.249459
v -0.420568 -0.083213 0.231555
v -0.425618 -0.057327 0.231376
v -0.691267 -0.049179 -0.958105
v -0.698426 -0.074802 -0.943940
v -0.669528 -0.029726 -0.941574
v -0.758330 -0.058631 -0.966587
v -0.677250 -0.049390 -0.985163
v -0.766659 -0.058779 -0.981688
v -0.770763 -0.074661 -0.989872
v -0.857403 -0.074454 -0.951273
v -0.766792 -0.090144 -0.982247
v -0.758193 -0.090341 -0.966483
v -0.677240 -0.099448 -0.984717
v -0.691713 -0.099285 -0.957658
v -0.669280 -0.118984 -0.941314
v -0.679244 -0.074418 -0.915828
v -0.550206 -0.074606 -0.886108
v -0.539573 -0.048984 -0.895020
v -0.369660 -0.038045 -0.715372
v -0.517061 -0.048594 -0.913155
v -0.339908 -0.038329 -0.726960
v -0.325016 -0.065777 -0.732688
v -0.303598 -0.025253 -0.690785
v -0.285800 -0.067067 -0.697077
v -0.296142 -0.066021 -0.643787
v 0.014573 -0.064503 -0.700572
v 0.003496 -0.065938 -0.662253
v 0.028241 -0.040455 -0.700118
v 0.024831 -0.029557 -0.662222
v 0.067344 -0.029324 -0.663119
v 0.031820 -0.043712 -0.634484
v 0.054477 -0.043928 -0.633047
v 0.055166 -0.038389 -0.373500
v 0.066545 -0.065085 -0.632629
v 0.071607 -0.063996 -0.371262
v 0.317680 -0.068796 -0.547036
v 0.327378 -0.068110 -0.528737
v 0.335726 -0.054692 -0.526804
v 0.255883 -0.068073 -0.329824
v 0.267980 -0.052694 -0.326867
v 0.244604 -0.043252 -0.279286
v 0.292208 -0.052807 -0.321529
v 0.284177 -0.042902 -0.270322
v 0.304143 -0.067979 -0.265979
v 0.272912 -0.054261 -0.251664
v 0.283850 -0.067979 -0.249685
v -0.039544 -0.044206 -1.004561
v -0.053194 -0.074371 -0.997432
v -0.040215 -0.020212 -0.985968
v -0.059369 -0.055331 -1.054673
v -0.012505 -0.044297 -1.019102
v -0.042953 -0.055228 -1.063301
v -0.035376 -0.074634 -1.067663
v -0.125208 -0.074384 -1.105881
v -0.042933 -0.093305 -1.062974
v -0.059349 -0.093408 -1.054347
v -0.012077 -0.104619 -1.019180
v -0.039372 -0.104577 -1.004263
v -0.040261 -0.128524 -0.985960
v -0.068159 -0.074943 -0.975878
v -0.023390 -0.074663 -0.919143
v -0.011236 -0.049530 -0.918741
v 0.012051 -0.049647 -0.917420
v 0.054720 -0.040719 -0.699714
v 0.068487 -0.064563 -0.699609
v 0.089003 -0.065743 -0.663477
v 0.333430 -0.068140 -0.582603
v 0.343578 -0.052828 -0.582161
v 0.334513 -0.045585 -0.546414
v 0.367637 -0.045500 -0.545209
v 0.351932 -0.054835 -0.523301
v 0.359421 -0.068443 -0.521108
v 0.304138 -0.067662 -0.318870
v 0.546972 -0.070173 -0.373468
v 0.556580 -0.069664 -0.355127
v 0.563189 -0.056497 -0.353201
v 0.479222 -0.069107 -0.234886
v 0.489726 -0.054341 -0.231722
v 0.468680 -0.045639 -0.202327
v 0.510267 -0.054674 -0.224538
v 0.501897 -0.045960 -0.191386
v 0.518519 -0.068896 -0.185556
v 0.487449 -0.056393 -0.178930
v 0.496742 -0.069489 -0.178064
v -0.691433 -0.099645 0.957755
v -0.698258 -0.074652 0.944160
v -0.668658 -0.118697 0.940907
v -0.758234 -0.090190 0.966449
v -0.677597 -0.099153 0.985207
v -0.767011 -0.090267 0.982119
v -0.770543 -0.074665 0.989806
v -0.857668 -0.074889 0.951348
v -0.766443 -0.059098 0.982034
v -0.758159 -0.058751 0.966331
v -0.677131 -0.049026 0.984811
v -0.691248 -0.049169 0.958016
v -0.668500 -0.029905 0.941208
v -0.679146 -0.074405 0.915842
v -0.550281 -0.074556 0.885850
v -0.539848 -0.100167 0.894749
v -0.369194 -0.110686 0.716110
v -0.517330 -0.099713 0.913440
v -0.340022 -0.110772 0.726720
v -0.325519 -0.083111 0.732537
v -0.303536 -0.123937 0.690193
v -0.286095 -0.081796 0.696807
v -0.295587 -0.082509 0.643936
v 0.014204 -0.084296 0.700413
v 0.002893 -0.083224 0.662254
v 0.027863 -0.107791 0.700271
v 0.024801 -0.119228 0.662230
v 0.067876 -0.119769 0.662738
v 0.031797 -0.104596 0.634693
v 0.054551 -0.105037 0.633473
v 0.054969 -0.110925 0.373705
v 0.066536 -0.083825 0.632780
v 0.071791 -0.084931 0.370908
v 0.317239 -0.079693 0.547630
v 0.327277 -0.080160 0.528676
v 0.335660 -0.094056 0.526680
v 0.255875 -0.080765 0.330026
v 0.268085 -0.096341 0.327268
v 0.244502 -0.105342 0.279259
v 0.291826 -0.096118 0.321657
v 0.284141 -0.105413 0.270227
v 0.303814 -0.080562 0.265765
v 0.272790 -0.094915 0.252281
v 0.283359 -0.080264 0.250126
v -0.039706 -0.104746 1.004709
v -0.052786 -0.074421 0.997402
v -0.040813 -0.128602 0.986564
v -0.059394 -0.093630 1.054770
v -0.012196 -0.104776 1.019504
v -0.043385 -0.093269 1.063449
v -0.035277 -0.074852 1.067803
v -0.125194 -0.074531 1.105881
v -0.043058 -0.055463 1.063493
v -0.058756 -0.055453 1.054528
v -0.012752 -0.044456 1.019429
v -0.039627 -0.044326 1.004720
v -0.040680 -0.019919 0.986254
v -0.067722 -0.074561 0.975449
v -0.022830 -0.074671 0.919587
v -0.011662 -0.098888 0.919112
v 0.011721 -0.098908 0.917649
v 0.054803 -0.108222 0.699936
v 0.068664 -0.084416 0.699493
v 0.089169 -0.083294 0.663613
v 0.333667 -0.080593 0.582615
v 0.343350 -0.096284 0.582185
v 0.334259 -0.103540 0.546873
v 0.367301 -0.103568 0.545405
v 0.352167 -0.093727 0.523024
v 0.359739 -0.080232 0.521389
v 0.304160 -0.080867 0.318854
v 0.546412 -0.079033 0.373522
v 0.556226 -0.078973 0.355478
v 0.563323 -0.092082 0.353702
v 0.479435 -0.079596 0.234851
v 0.489633 -0.093899 0.231890
v 0.468639 -0.103267 0.202486
v 0.509451 -0.094363 0.225417
v 0.501675 -0.103131 0.191236
v 0.518618 -0.078802 0.185937
v 0.486736 -0.092213 0.179860
v 0.496969 -0.079099 0.178194
v 0.359002 -0.057802 -0.819632
v 0.346468 -0.074096 -0.817002
v 0.356555 -0.036713 -0.807781
v 0.353807 -0.064243 -0.855482
v 0.382507 -0.058579 -0.824360
v 0.368535 -0.064355 -0.858597
v 0.375001 -0.073891 -0.859734
v 0.320149 -0.074676 -0.894135
v 0.368261 -0.084404 -0.858292
v 0.353606 -0.084612 -0.855497
v 0.383086 -0.090640 -0.824316
v 0.358375 -0.090378 -0.820005
v 0.356725 -0.111807 -0.807443
v 0.336661 -0.074442 -0.804081
v 0.349861 -0.073895 -0.757867
v 0.356456 -0.054159 -0.754115
v 0.370401 -0.054271 -0.746879
v 0.362931 -0.052854 -0.581348
v 0.372679 -0.067455 -0.580936
v 0.384495 -0.068209 -0.544260
v 0.565482 -0.068989 -0.393076
v 0.573766 -0.054621 -0.391676
v 0.561063 -0.048011 -0.370376
v 0.588774 -0.047682 -0.363652
v 0.576810 -0.056726 -0.350583
v 0.584027 -0.069062 -0.348818
v 0.519842 -0.068908 -0.221425
v 0.733508 -0.074846 -0.276277
v 0.655861 -0.070559 -0.180476
v 0.662385 -0.058791 -0.177025
v 0.632037 -0.070838 -0.165335
v 0.642508 -0.053561 -0.159625
v 0.638927 -0.060827 -0.143899
v 0.663231 -0.053732 -0.148374
v 0.649766 -0.060741 -0.140782
v 0.655660 -0.071073 -0.138647
v 0.358376 -0.090756 0.819430
v 0.346505 -0.074366 0.817035
v 0.356471 -0.111897 0.806851
v 0.353851 -0.084395 0.855347
v 0.382789 -0.090372 0.824189
v 0.368123 -0.084741 0.858284
v 0.374601 -0.074038 0.860269
v 0.319855 -0.074904 0.894197
v 0.368285 -0.064420 0.858601
v 0.353692 -0.064118 0.855678
v 0.382949 -0.058262 0.824182
v 0.358813 -0.058280 0.819410
v 0.356938 -0.036851 0.806831
v 0.337130 -0.074919 0.803490
v 0.350116 -0.074489 0.757781
v 0.356347 -0.094568 0.754582
v 0.370391 -0.094227 0.747140
v 0.363300 -0.096155 0.581623
v 0.372313 -0.080832 0.581222
v 0.384695 -0.080214 0.544632
v 0.565828 -0.079639 0.393555
v 0.574045 -0.094226 0.391411
v 0.560554 -0.100728 0.370798
v 0.588676 -0.100858 0.364337
v 0.576682 -0.091907 0.350514
v 0.583678 -0.079501 0.348862
v 0.519503 -0.079151 0.221731
v 0.733819 -0.074916 0.276269
v 0.655690 -0.078188 0.180819
v 0.662067 -0.089680 0.176663
v 0.631801 -0.077869 0.165993
v 0.641854 -0.095049 0.159610
v 0.638456 -0.088109 0.144498
v 0.662546 -0.095451 0.148019
v 0.649671 -0.088349 0.140473
v 0.655538 -0.077867 0.139073
v 0.661592 -0.074089 -0.531424
v 0.635783 -0.056054 -0.536917
v 0.645678 -0.045471 -0.529642
v 0.643415 -0.074356 -0.538072
v 0.635712 -0.092799 -0.536938
v 0.636753 -0.074304 -0.560961
v 0.633110 -0.085611 -0.559995
v 0.610944 -0.074343 -0.590780
v 0.623875 -0.085897 -0.558631
v 0.619296 -0.074091 -0.558614
v 0.612607 -0.073674 -0.533535
v 0.624126 -0.062913 -0.558896
v 0.620710 -0.055825 -0.534552
v 0.613648 -0.045350 -0.526474
v 0.621141 -0.056342 -0.493546
v 0.626521 -0.074099 -0.489613
v 0.620932 -0.092766 -0.493269
v 0.598558 -0.079360 -0.386141
v 0.590013 -0.094097 -0.387617
v 0.588590 -0.101172 -0.363706
v 0.573972 -0.093932 -0.391278
v 0.560786 -0.100859 -0.370456
v 0.546585 -0.078433 -0.373581
v 0.563378 -0.092232 -0.353484
v 0.556069 -0.079255 -0.355276
v 0.479292 -0.079243 -0.234501
v 0.303766 -0.080512 -0.318758
v 0.303979 -0.080139 -0.265789
v 0.291913 -0.096166 -0.321290
v 0.284069 -0.105616 -0.270515
v 0.244341 -0.105649 -0.279187
v 0.272705 -0.094680 -0.252058
v 0.250455 -0.094138 -0.254300
v 0.244965 -0.043000 0.279089
v 0.272813 -0.054272 0.252272
v 0.249916 -0.054538 0.254463
v 0.284113 -0.043164 0.270583
v 0.291759 -0.052539 0.321682
v 0.303924 -0.067764 0.265724
v 0.303968 -0.068115 0.318925
v 0.479070 -0.068862 0.235256
v 0.556124 -0.069141 0.355128
v 0.563172 -0.056423 0.353808
v 0.546516 -0.070175 0.373421
v 0.560907 -0.047943 0.370261
v 0.573778 -0.054989 0.391658
v 0.589119 -0.048082 0.364112
v 0.589997 -0.055071 0.387634
v 0.598588 -0.068670 0.386086
v 0.621318 -0.056204 0.493224
v 0.626907 -0.074292 0.489708
v 0.661938 -0.073787 0.531604
v 0.620979 -0.092280 0.493585
v 0.645446 -0.103475 0.529742
v 0.613858 -0.103451 0.526392
v 0.635605 -0.093035 0.537299
v 0.620442 -0.093023 0.534259
v 0.623550 -0.086088 0.559244
v 0.612496 -0.074279 0.533410
v 0.619288 -0.074110 0.558475
v 0.624029 -0.062779 0.559133
v 0.611240 -0.074562 0.590861
v 0.632300 -0.062549 0.560798
v 0.637143 -0.074120 0.561411
v 0.635480 -0.055717 0.537110
v 0.643440 -0.073827 0.538312
v -0.669975 -0.074822 -0.998492
v -0.638183 -0.074978 -1.018138
v -0.648236 -0.118681 -0.993009
v -0.517410 -0.099635 -0.913233
v -0.539692 -0.100016 -0.894870
v -0.369118 -0.110531 -0.716024
v -0.384223 -0.074565 -0.710854
v -0.381788 -0.074661 -0.668579
v -0.354996 -0.025213 -0.675776
v -0.333052 -0.041903 -0.637836
v -0.307958 -0.041569 -0.641976
v -0.248430 -0.031731 -0.391098
v -0.232287 -0.064020 -0.393993
v 0.020334 -0.065121 -0.635339
v 0.006448 -0.063958 -0.380816
v 0.022906 -0.038319 -0.378253
v 0.000816 -0.022627 -0.311955
v 0.054644 -0.022901 -0.308801
v 0.081648 -0.064580 -0.307705
v 0.041145 -0.041061 -0.275353
v 0.056152 -0.064951 -0.275177
v 0.756482 -0.049917 -0.308958
v 0.759555 -0.074717 -0.316025
v 0.745287 -0.074482 -0.314823
v 0.765801 -0.058641 -0.311556
v 0.777245 -0.058769 -0.303851
v 0.779331 -0.064664 -0.326507
v 0.785933 -0.064235 -0.321761
v 0.782116 -0.074503 -0.350264
v 0.789460 -0.073816 -0.319417
v 0.786454 -0.084470 -0.321765
v 0.777682 -0.090471 -0.303921
v 0.779132 -0.084298 -0.326251
v 0.765279 -0.090472 -0.311965
v 0.756537 -0.098960 -0.308504
v 0.736864 -0.060398 -0.272009
v 0.743197 -0.060591 -0.262533
v 0.674208 -0.059283 -0.170258
v 0.680111 -0.070494 -0.166881
v 0.673903 -0.070815 -0.142918
v 0.793703 -0.071257 -0.137094
v 0.777073 -0.071474 -0.127570
v 0.798842 -0.064163 -0.134311
v 0.785340 -0.061234 -0.123231
v 0.801881 -0.061435 -0.113608
v 0.781503 -0.065283 -0.110171
v 0.790749 -0.065415 -0.106987
v -0.670280 -0.074304 0.998889
v -0.638403 -0.075013 1.018357
v -0.648523 -0.029776 0.992308
v -0.517440 -0.048638 0.913417
v -0.539551 -0.048684 0.895165
v -0.369709 -0.038048 0.716028
v -0.383938 -0.074158 0.710638
v -0.381878 -0.074348 0.668363
v -0.355546 -0.123500 0.675548
v -0.333099 -0.106889 0.638228
v -0.308194 -0.107056 0.641607
v -0.249014 -0.117577 0.391216
v -0.231749 -0.084622 0.394094
v 0.020124 -0.083414 0.635100
v 0.006378 -0.084826 0.381065
v 0.022836 -0.110451 0.378279
v 0.000571 -0.126126 0.311798
v 0.054055 -0.126185 0.309153
v 0.081836 -0.084015 0.307960
v 0.040891 -0.107743 0.275814
v 0.056477 -0.083925 0.275002
v 0.756714 -0.098813 0.308945
v 0.759825 -0.074546 0.316689
v 0.745657 -0.074511 0.314851
v 0.766092 -0.090303 0.312611
v 0.778001 -0.090512 0.304503
v 0.779032 -0.084476 0.326886
v 0.786129 -0.084425 0.322216
v 0.781599 -0.074459 0.350564
v 0.789177 -0.074139 0.319640
v 0.785864 -0.064831 0.322007
v 0.778023 -0.058487 0.304487
v 0.778965 -0.064199 0.326536
v 0.766147 -0.058599 0.312572
v 0.756391 -0.049848 0.309176
v 0.736710 -0.088693 0.271813
v 0.743116 -0.088406 0.262852
v 0.673870 -0.090046 0.170624
v 0.679903 -0.078120 0.167510
v 0.673457 -0.077951 0.142218
v 0.793503 -0.077755 0.137644
v 0.777331 -0.077829 0.127698
v 0.798445 -0.084239 0.134459
v 0.785015 -0.087178 0.123238
v 0.802067 -0.087552 0.113720
v 0.781385 -0.083653 0.110560
v 0.790536 -0.083557 0.107252
v -0.648667 -0.029849 -0.992147
v -0.506223 -0.074898 -0.922672
v -0.325285 -0.082807 -0.732714
v -0.339881 -0.110284 -0.726650
v -0.303524 -0.123720 -0.690010
v -0.355383 -0.123697 -0.675458
v -0.333098 -0.106658 -0.637717
v -0.345738 -0.074451 -0.635821
v -0.298920 -0.074904 -0.383560
v -0.282132 -0.031308 -0.386500
v -0.281196 -0.012005 -0.308551
v -0.221141 -0.011680 -0.316692
v -0.232619 -0.035199 -0.263830
v -0.190451 -0.064063 -0.321197
v -0.215768 -0.065454 -0.265241
v -0.026275 -0.064723 -0.313383
v -0.004313 -0.065378 -0.276238
v 0.011169 -0.040903 -0.275701
v -0.694177 -0.146042 -0.004961
v -0.691894 -0.143226 -0.000094
v -0.681873 -0.153832 -0.009209
v -0.702877 -0.132997 -0.000061
v -0.697003 -0.150213 -0.000098
v -0.694408 -0.146270 0.004770
v -0.681633 -0.154108 0.009604
v -0.677933 -0.150453 -0.000127
v -0.626294 -0.139269 -0.000184
v -0.674010 -0.153009 -0.019599
v -0.624924 -0.141848 -0.033276
v -0.678960 -0.157699 -0.024789
v -0.624188 -0.154109 -0.020647
v -0.679207 -0.170808 -0.013133
v -0.624470 -0.155270 -0.000213
v -0.677749 -0.170014 -0.000159
v -0.679381 -0.170606 0.013141
v -0.686611 -0.162239 -0.000133
v -0.687324 -0.162902 0.015761
v -0.702883 -0.149361 0.023266
v -0.700512 -0.145158 0.019702
v -0.708673 -0.124800 0.028830
v -0.694895 -0.140745 0.023918
v -0.698423 -0.145096 0.029430
v -0.679344 -0.157749 0.025489
v -0.648211 -0.118766 0.992954
v -0.506366 -0.073831 0.922529
v -0.325287 -0.065073 0.732535
v -0.339871 -0.038003 0.727335
v -0.303847 -0.025054 0.690396
v -0.355327 -0.025207 0.675810
v -0.333476 -0.041451 0.638013
v -0.345587 -0.074403 0.636344
v -0.299211 -0.074594 0.384241
v -0.281955 -0.117530 0.386349
v -0.280908 -0.137182 0.308706
v -0.221219 -0.136951 0.317292
v -0.231954 -0.113642 0.264195
v -0.190663 -0.083860 0.321527
v -0.215917 -0.083242 0.265465
v -0.026682 -0.084470 0.313299
v -0.004035 -0.083329 0.276244
v 0.011239 -0.107183 0.276091
v -0.636273 -0.133968 -0.070873
v -0.614120 -0.129838 -0.067979
v -0.642438 -0.111455 -0.062393
v -0.605573 -0.103515 -0.093898
v -0.633192 -0.110249 -0.088354
v -0.612008 -0.084658 -0.087694
v -0.634499 -0.096829 -0.079248
v -0.635506 -0.066394 -0.083089
v -0.657253 -0.071489 -0.075605
v -0.629228 -0.036948 -0.087590
v -0.640382 -0.032472 -0.076538
v -0.571254 -0.004817 -0.101246
v -0.577351 0.002736 -0.087925
v -0.500658 -0.001185 -0.126644
v -0.485976 0.007622 -0.119515
v -0.487596 -0.023743 -0.134161
v -0.462455 -0.016622 -0.124455
v -0.485248 -0.061187 -0.122873
v -0.461033 -0.063907 -0.100207
v -0.551184 -0.089065 -0.104982
v -0.559705 -0.099047 -0.088768
v -0.557978 -0.107494 -0.061862
v -0.666507 -0.113862 -0.047765
v -0.693786 -0.084278 -0.047352
v -0.693401 -0.084223 0.048012
v -0.657245 -0.071493 0.075227
v -0.640615 -0.032692 0.076889
v -0.634479 -0.096845 0.079044
v -0.666580 -0.113774 0.047600
v -0.642010 -0.111448 0.062164
v -0.557765 -0.107239 0.061399
v -0.613921 -0.130063 0.068255
v -0.559624 -0.098637 0.088338
v -0.551300 -0.088921 0.105210
v -0.461375 -0.063503 0.100903
v -0.484854 -0.061136 0.123323
v -0.462760 -0.016753 0.124012
v -0.487839 -0.023450 0.134093
v -0.486295 0.007506 0.119870
v -0.500711 -0.001113 0.127013
v -0.577273 0.003148 0.087884
v -0.570957 -0.005152 0.101484
v -0.628972 -0.037237 0.087244
v -0.635018 -0.066456 0.082988
v -0.611930 -0.084244 0.087790
v -0.633358 -0.110049 0.088103
v -0.605298 -0.103825 0.094235
v -0.636277 -0.133957 0.071201
v 0.826284 -0.059360 -0.175117
v 0.832304 -0.074919 -0.182071
v 0.816233 -0.074778 -0.177098
v 0.837299 -0.064905 -0.180303
v 0.846541 -0.065045 -0.177768
v 0.841297 -0.068051 -0.192937
v 0.846589 -0.068170 -0.191024
v 0.839598 -0.074762 -0.208076
v 0.849635 -0.074903 -0.190299
v 0.846967 -0.080926 -0.191493
v 0.845916 -0.083868 -0.177818
v 0.841782 -0.081438 -0.192748
v 0.836674 -0.083727 -0.180353
v 0.825838 -0.089648 -0.175004
v 0.808224 -0.074768 -0.154660
v 0.811993 -0.065268 -0.152227
v 0.819597 -0.065310 -0.147411
v 0.807785 -0.064308 -0.128530
v 0.812461 -0.075038 -0.126786
v 0.809276 -0.074650 -0.108927
v 0.801412 -0.087461 -0.113880
v 0.794896 -0.074924 -0.105906
v 0.790393 -0.083866 -0.107045
v 0.662850 -0.053609 0.148200
v 0.649322 -0.060627 0.140723
v 0.638736 -0.060592 0.143899
v 0.655917 -0.070949 0.138802
v 0.673124 -0.071111 0.142058
v 0.777007 -0.071636 0.127935
v 0.794036 -0.070774 0.137540
v 0.798597 -0.064506 0.134499
v 0.808203 -0.074208 0.154687
v 0.811672 -0.065145 0.152587
v 0.826106 -0.059593 0.175442
v 0.819853 -0.065220 0.147990
v 0.845756 -0.059485 0.171090
v 0.855600 -0.074048 0.168637
v 0.846347 -0.064883 0.177976
v 0.851066 -0.074008 0.176453
v 0.849561 -0.074057 0.190738
v 0.846411 -0.083929 0.177600
v 0.846686 -0.080749 0.191178
v 0.841101 -0.080625 0.193160
v 0.839221 -0.074161 0.207679
v 0.838488 -0.074458 0.194063
v 0.841360 -0.067771 0.193299
v 0.832439 -0.074260 0.182422
v 0.837191 -0.064989 0.180635
v -0.266360 -0.035383 -0.261218
v -0.284115 -0.074498 -0.259416
v -0.311161 -0.074671 -0.304034
v -0.281221 -0.137015 -0.308289
v -0.281919 -0.117232 -0.386583
v -0.248963 -0.117433 -0.391340
v -0.308426 -0.106694 -0.641878
v -0.295566 -0.082310 -0.643771
v -0.286042 -0.082158 -0.696739
v 0.014700 -0.084503 -0.700595
v 0.028172 -0.107755 -0.699776
v -0.011515 -0.098803 -0.918690
v 0.011773 -0.098920 -0.917369
v 0.013542 -0.128633 -1.007404
v 0.040824 -0.074962 -1.018362
v 0.001199 -0.074503 -1.026571
v -0.266432 -0.113728 0.261630
v -0.284040 -0.074788 0.259468
v -0.311620 -0.074388 0.304237
v -0.281038 -0.011430 0.308738
v -0.282054 -0.031509 0.386351
v -0.248490 -0.031455 0.391366
v -0.308360 -0.041539 0.642082
v -0.295851 -0.066174 0.643823
v -0.285793 -0.066372 0.696777
v 0.014452 -0.064887 0.700446
v 0.027895 -0.040490 0.699948
v -0.011391 -0.049934 0.918821
v 0.011949 -0.049954 0.917679
v 0.013730 -0.019909 1.007907
v 0.040725 -0.073950 1.018379
v 0.000907 -0.074040 1.026486
v -0.761751 -0.114634 -0.399611
v -0.750434 -0.117852 -0.344208
v -0.659763 -0.098909 -0.415056
v -0.873556 -0.108011 -0.306508
v -0.890693 -0.110512 -0.386454
v -0.917459 -0.107979 -0.293348
v -0.942723 -0.092970 -0.358124
v -0.956706 -0.112725 -0.321677
v -0.972972 -0.132809 -0.341652
v -1.024296 -0.113782 -0.284970
v -1.034167 -0.133156 -0.293476
v -1.121062 -0.130157 -0.261352
v -1.024725 -0.151716 -0.285612
v -1.012257 -0.144164 -0.275200
v -0.961743 -0.164159 -0.328673
v -0.940140 -0.147482 -0.301886
v -0.916972 -0.160957 -0.294432
v -0.874844 -0.162744 -0.308438
v -0.750525 -0.160766 -0.342694
v -0.026734 -0.084505 -0.313418
v -0.003621 -0.084314 -0.275859
v -0.215634 -0.083481 -0.265139
v 0.000514 -0.125813 -0.311977
v 0.006934 -0.085559 -0.380779
v 0.023173 -0.110206 -0.377906
v 0.031704 -0.105094 -0.634793
v 0.054845 -0.110698 -0.373199
v 0.055258 -0.104841 -0.633520
v 0.066477 -0.083803 -0.632617
v 0.067416 -0.119239 -0.663132
v 0.089382 -0.082760 -0.663217
v 0.068516 -0.083922 -0.699615
v 0.333348 -0.080619 -0.582609
v 0.343489 -0.095812 -0.581842
v 0.356644 -0.094481 -0.754101
v 0.369950 -0.094690 -0.746914
v 0.395820 -0.112230 -0.814570
v 0.415297 -0.073908 -0.818302
v 0.394907 -0.074123 -0.826675
v -0.874031 -0.108120 0.306315
v -0.761733 -0.114152 0.399533
v -0.750202 -0.117697 0.344353
v -0.890953 -0.110551 0.386440
v -0.917204 -0.108184 0.293424
v -0.942663 -0.093606 0.358343
v -0.957010 -0.112721 0.321797
v -0.973346 -0.132684 0.341770
v -1.024331 -0.113406 0.284719
v -1.033933 -0.132991 0.293377
v -1.121283 -0.130416 0.261703
v -1.024651 -0.151664 0.285713
v -1.012501 -0.144173 0.275395
v -0.962029 -0.164123 0.328315
v -0.940323 -0.147515 0.301727
v -0.917130 -0.161417 0.294412
v -0.874071 -0.162410 0.308176
v -0.751138 -0.160677 0.342805
v -0.659636 -0.099133 0.415026
v -0.026253 -0.064369 0.313285
v -0.004644 -0.065033 0.275939
v -0.215735 -0.065486 0.265376
v 0.000927 -0.022620 0.311787
v 0.006695 -0.064085 0.380731
v 0.023217 -0.038141 0.378592
v 0.031827 -0.043855 0.634697
v 0.055279 -0.038295 0.373371
v 0.054799 -0.043605 0.633506
v 0.066565 -0.065107 0.632784
v 0.067929 -0.029484 0.662417
v 0.089030 -0.065588 0.663595
v 0.068545 -0.064736 0.699477
v 0.333592 -0.068161 0.582619
v 0.343903 -0.052661 0.582485
v 0.356993 -0.054203 0.754229
v 0.369811 -0.054360 0.747165
v 0.395608 -0.036813 0.814203
v 0.415650 -0.074023 0.817858
v 0.395112 -0.074286 0.826888
v 0.013538 -0.020000 -1.007404
v 0.023510 -0.074528 -0.916231
v 0.055281 -0.107921 -0.699488
v 0.024903 -0.119472 -0.662235
v 0.003341 -0.083694 -0.661895
v 0.020422 -0.084480 -0.635025
v -0.232008 -0.084659 -0.393573
v -0.190416 -0.084065 -0.321390
v -0.221192 -0.137013 -0.316754
v -0.232285 -0.113875 -0.264328
v -0.267009 -0.113884 -0.261486
v 0.395848 -0.036446 -0.814568
v 0.376055 -0.074041 -0.742874
v 0.372398 -0.080944 -0.580632
v 0.363234 -0.096111 -0.581325
v 0.367852 -0.103529 -0.544868
v 0.334113 -0.103711 -0.546444
v 0.317429 -0.079992 -0.547380
v 0.335745 -0.094052 -0.526477
v 0.327887 -0.080171 -0.528698
v 0.255873 -0.080551 -0.329927
v 0.071621 -0.084687 -0.371261
v 0.081829 -0.084259 -0.307691
v 0.054713 -0.126356 -0.308795
v 0.040941 -0.107772 -0.275367
v 0.011207 -0.106922 -0.276022
v -0.233166 -0.035023 0.263987
v -0.266972 -0.035329 0.261583
v -0.221253 -0.011839 0.317352
v -0.190412 -0.064451 0.321442
v -0.232004 -0.063982 0.393879
v 0.020478 -0.064967 0.635474
v 0.003115 -0.065468 0.661956
v 0.024868 -0.029584 0.662566
v 0.054836 -0.040921 0.699613
v 0.023794 -0.074070 0.916968
v 0.013691 -0.128913 1.007902
v 0.040843 -0.041083 0.275815
v 0.011242 -0.040844 0.276091
v 0.054742 -0.022629 0.309456
v 0.081675 -0.064335 0.307965
v 0.071437 -0.063970 0.371244
v 0.255873 -0.067966 0.329681
v 0.327976 -0.068604 0.528645
v 0.336087 -0.054378 0.526661
v 0.317385 -0.068868 0.547623
v 0.334122 -0.045602 0.546555
v 0.367776 -0.045220 0.545384
v 0.362876 -0.052665 0.581642
v 0.372500 -0.068035 0.580889
v 0.376320 -0.074394 0.742980
v 0.395783 -0.111770 0.814196
v -0.656276 -0.026978 -0.055097
v -0.583689 0.010070 -0.070712
v -0.464950 0.020995 -0.091952
v -0.589905 0.015777 -0.047339
v -0.453858 0.033461 -0.050753
v -0.592140 0.019357 -0.026246
v -0.451268 0.036916 -0.027072
v -0.453855 0.051321 -0.000122
v -0.400135 -0.000429 -0.000286
v -0.451646 0.036858 0.027747
v -0.454166 0.033327 0.050775
v -0.592487 0.019761 0.026303
v -0.590224 0.015654 0.047377
v -0.652827 -0.009633 0.017585
v -0.665762 -0.023437 0.036070
v -0.679976 -0.018896 0.000094
v -0.711890 -0.088129 0.025002
v -0.718923 -0.089418 0.000034
v -0.704064 -0.116039 0.007429
v -0.704287 -0.115782 -0.000031
v -0.759250 -0.166110 -0.396224
v -0.767571 -0.173513 -0.417874
v -0.879713 -0.175459 -0.379255
v -0.884627 -0.183860 -0.410577
v -0.943003 -0.181839 -0.362006
v -0.945969 -0.198512 -0.397663
v -0.978296 -0.134976 -0.375590
v -0.945449 -0.077362 -0.408994
v -0.886501 -0.086314 -0.422523
v -0.767644 -0.096386 -0.428808
v -0.667321 -0.090758 -0.452772
v 0.645614 -0.103548 -0.529998
v 0.613448 -0.103107 -0.526533
v 0.610258 -0.092618 -0.500096
v 0.604386 -0.074268 -0.503834
v 0.565817 -0.079447 -0.393316
v 0.384365 -0.080367 -0.544270
v 0.359611 -0.080552 -0.521094
v 0.352295 -0.094146 -0.523274
v 0.267839 -0.096370 -0.326920
v 0.224376 -0.080571 -0.283530
v 0.238816 -0.079878 -0.256519
v 0.056231 -0.083989 -0.275171
v 0.645670 -0.045523 0.530074
v 0.613683 -0.045533 0.526501
v 0.609712 -0.056094 0.500305
v 0.604441 -0.074317 0.503985
v 0.565429 -0.069216 0.393647
v 0.384738 -0.068746 0.544305
v 0.359431 -0.068487 0.521403
v 0.352332 -0.054414 0.523342
v 0.267905 -0.052762 0.326989
v 0.224475 -0.068631 0.283852
v 0.238477 -0.068961 0.256247
v 0.056108 -0.064937 0.275338
v -0.758937 -0.165878 0.396194
v -0.767617 -0.173766 0.418039
v -0.879907 -0.175147 0.379434
v -0.884688 -0.183548 0.410556
v -0.943465 -0.182048 0.362495
v -0.946042 -0.198163 0.397936
v -0.978665 -0.135177 0.375996
v -0.945750 -0.077436 0.409299
v -0.887001 -0.086517 0.422534
v -0.767816 -0.096752 0.429191
v -0.667474 -0.090663 0.452799
v 0.589762 -0.055107 -0.387690
v 0.598224 -0.068903 -0.385900
v 0.602988 -0.078962 -0.360524
v 0.583870 -0.078926 -0.348864
v 0.576771 -0.092140 -0.350257
v 0.510050 -0.094403 -0.224632
v 0.489673 -0.094022 -0.231391
v 0.468757 -0.102706 -0.202293
v 0.452210 -0.079080 -0.207737
v 0.457557 -0.078602 -0.184883
v 0.283947 -0.080455 -0.250094
v 0.783387 -0.074159 -0.299875
v 0.788981 -0.074116 -0.290566
v 0.777966 -0.099045 -0.297113
v 0.743029 -0.088435 -0.262665
v 0.736983 -0.088521 -0.271916
v 0.662048 -0.089936 -0.177288
v 0.655712 -0.078404 -0.180181
v 0.519543 -0.079782 -0.221556
v 0.518599 -0.079401 -0.185875
v 0.502432 -0.102930 -0.190799
v 0.487288 -0.092176 -0.179000
v 0.467228 -0.092884 -0.182791
v -0.498479 -0.111561 -0.000325
v -0.509287 -0.127331 -0.000011
v -0.506290 -0.110462 -0.045399
v -0.506157 -0.110611 0.045099
v -0.496960 -0.093267 0.057116
v -0.563048 -0.118198 0.048738
v -0.557765 -0.107239 0.061399
v -0.557820 -0.114824 -0.000244
v -0.555022 -0.102975 -0.000228
v -0.557978 -0.107494 -0.061862
v -0.690083 -0.116344 -0.008486
v -0.696137 -0.117276 -0.012696
v -0.699634 -0.130593 -0.010442
v -0.702136 -0.130178 -0.012059
v -0.701940 -0.143304 -0.010135
v -0.706528 -0.130552 -0.009134
v -0.701737 -0.131135 -0.006547
v -0.696085 -0.116839 -0.000045
v 0.469073 -0.045925 0.202808
v 0.486852 -0.056145 0.179512
v 0.467497 -0.056372 0.182883
v 0.502247 -0.045795 0.191851
v 0.509444 -0.054718 0.225204
v 0.518366 -0.069031 0.186267
v 0.520187 -0.068611 0.221996
v 0.655523 -0.070342 0.180540
v 0.662144 -0.058982 0.177007
v 0.736789 -0.059926 0.271756
v 0.742892 -0.060040 0.263411
v 0.778058 -0.050133 0.297287
v 0.788895 -0.074113 0.291141
v 0.784029 -0.074283 0.300596
v 0.451879 -0.069284 0.207887
v 0.457148 -0.069858 0.184953
v 0.284270 -0.068015 0.250137
v 0.489373 -0.054619 0.231789
v 0.577007 -0.056857 0.350801
v 0.583988 -0.069002 0.349088
v 0.603094 -0.069125 0.361118
v 0.598278 -0.079169 0.385860
v 0.590096 -0.094048 0.388118
v 0.777220 -0.071814 0.112040
v 0.781420 -0.065253 0.110620
v 0.785535 -0.061472 0.123514
v 0.801843 -0.061311 0.113669
v 0.807464 -0.064814 0.128928
v 0.812543 -0.074231 0.125785
v 0.823503 -0.073871 0.145495
v 0.819815 -0.083625 0.147606
v 0.845577 -0.089406 0.170872
v 0.825927 -0.089514 0.175224
v 0.836939 -0.084076 0.180911
v 0.663415 -0.095294 -0.148642
v 0.649617 -0.088221 -0.140487
v 0.638238 -0.088071 -0.144026
v 0.655643 -0.078275 -0.138660
v 0.674106 -0.077653 -0.142760
v 0.777129 -0.078033 -0.127476
v 0.793810 -0.078137 -0.136996
v 0.798471 -0.084587 -0.134339
v 0.811688 -0.084040 -0.152279
v 0.819984 -0.084300 -0.147466
v 0.845599 -0.089735 -0.170595
v 0.855750 -0.074962 -0.168929
v 0.850743 -0.074866 -0.176033
v -0.420428 -0.032861 -0.279723
v -0.395212 -0.032177 -0.252837
v -0.378041 -0.048147 -0.261483
v -0.414506 -0.036376 -0.240623
v -0.446680 -0.037178 -0.262115
v -0.483923 -0.067268 -0.312909
v -0.491453 -0.085485 -0.305705
v -0.580012 -0.121641 -0.384720
v -0.576423 -0.139121 -0.386960
v -0.603860 -0.152121 -0.388139
v -0.599009 -0.162502 -0.403263
v -0.414672 -0.035935 0.240650
v -0.419846 -0.033011 0.279936
v -0.395215 -0.032550 0.252920
v -0.446254 -0.037025 0.262132
v -0.483714 -0.067264 0.313614
v -0.491612 -0.085203 0.305765
v -0.580348 -0.121599 0.384740
v -0.576379 -0.138182 0.387227
v -0.603309 -0.152374 0.388244
v -0.598764 -0.162806 0.403666
v -0.575314 -0.018972 -0.125591
v -0.629228 -0.036948 -0.087590
v -0.571254 -0.004817 -0.101246
v -0.621005 -0.040511 -0.104476
v -0.606590 -0.044295 -0.121694
v -0.628548 -0.062044 -0.100932
v -0.611671 -0.057267 -0.119113
v -0.602243 -0.066689 -0.121738
v -0.571458 -0.047745 -0.141863
v -0.567029 -0.062792 -0.137677
v -0.531428 -0.047435 -0.147111
v -0.561419 -0.071268 -0.126022
v -0.509002 -0.049079 -0.141307
v -0.495214 -0.052631 -0.129656
v -0.501917 -0.027511 -0.145499
v -0.487596 -0.023743 -0.134161
v -0.500658 -0.001185 -0.126644
v -0.575158 -0.019141 0.125471
v -0.570957 -0.005152 0.101484
v -0.628972 -0.037237 0.087244
v -0.500711 -0.001113 0.127013
v -0.515772 -0.012457 0.141937
v -0.501914 -0.027501 0.145785
v -0.535099 -0.025314 0.147134
v -0.526121 -0.034711 0.149376
v -0.571711 -0.047935 0.142285
v -0.530964 -0.047463 0.147416
v -0.567050 -0.062755 0.137388
v -0.561507 -0.071651 0.126337
v -0.602098 -0.066846 0.121863
v -0.610668 -0.076774 0.104992
v -0.628465 -0.062131 0.100826
v -0.611930 -0.084244 0.087790
v -0.635018 -0.066456 0.082988
v -0.603065 -0.117842 -0.385163
v -0.573685 -0.106950 -0.394625
v -0.557372 -0.103219 -0.407841
v -0.468595 -0.063503 -0.323264
v -0.455331 -0.076154 -0.330188
v -0.396503 -0.054185 -0.293213
v -0.390098 -0.087614 -0.293685
v -0.373651 -0.074024 -0.261772
v -0.384666 -0.094881 -0.252316
v 0.845724 -0.059498 -0.170705
v 0.823700 -0.074485 -0.145361
v 0.807412 -0.084737 -0.128883
v 0.785664 -0.088120 -0.123496
v 0.781518 -0.084004 -0.110227
v 0.776963 -0.078185 -0.112226
v 0.746131 -0.074031 -0.258594
v 0.680362 -0.078339 -0.167097
v 0.674223 -0.089421 -0.170659
v 0.642258 -0.094802 -0.159408
v 0.631499 -0.077440 -0.165344
v 0.632718 -0.078297 -0.145457
v 0.496679 -0.078663 -0.177737
v 0.496732 -0.069271 0.177802
v 0.632470 -0.070508 0.145983
v 0.631918 -0.070990 0.165910
v 0.642107 -0.053812 0.159031
v 0.673947 -0.059348 0.170967
v 0.680261 -0.070196 0.166856
v 0.746370 -0.074382 0.258534
v 0.816300 -0.074264 0.177341
v 0.812007 -0.083815 0.152528
v 0.807632 -0.084496 0.128885
v 0.809393 -0.073970 0.108933
v 0.795021 -0.074652 0.105797
v 0.790574 -0.065152 0.107637
v -0.602509 -0.117869 0.385662
v -0.573361 -0.106644 0.394708
v -0.557503 -0.103126 0.407881
v -0.468723 -0.063627 0.323232
v -0.455530 -0.075830 0.330125
v -0.396533 -0.053849 0.293125
v -0.390264 -0.087816 0.293377
v -0.378038 -0.048490 0.262269
v -0.373572 -0.073821 0.261540
v -0.448496 -0.066012 -0.073631
v -0.414892 -0.002702 -0.065466
v -0.424386 -0.068113 -0.000038
v -0.414454 -0.002707 0.065903
v -0.464893 0.020936 0.092289
v -0.583939 0.009870 0.071037
v -0.656326 -0.026915 0.055513
v -0.683746 -0.132114 -0.073071
v -0.724012 -0.125702 -0.091166
v -0.682990 -0.146881 -0.077638
v -0.719567 -0.118443 -0.087268
v -0.708888 -0.107485 -0.092131
v -0.732205 -0.070580 -0.105011
v -0.717704 -0.121096 -0.095385
v -0.680128 -0.135806 -0.087030
v -0.636273 -0.133968 -0.070873
v -0.642438 -0.111455 -0.062393
v -0.634499 -0.096829 -0.079248
v -0.683743 -0.132111 0.073544
v -0.642010 -0.111448 0.062164
v -0.636277 -0.133957 0.071201
v -0.634479 -0.096845 0.079044
v -0.681656 -0.113193 0.084925
v -0.679872 -0.136094 0.087155
v -0.708863 -0.108001 0.092110
v -0.718094 -0.121132 0.095670
v -0.732778 -0.070402 0.105182
v -0.723957 -0.125757 0.091454
v -0.719311 -0.118731 0.087566
v -0.711784 -0.088750 -0.024627
v -0.665443 -0.023810 -0.035617
v -0.652845 -0.009117 -0.017770
v -0.659272 0.003282 0.000100
v -0.593958 0.034857 0.000056
v -0.497373 -0.093291 -0.057061
v -0.478398 -0.092923 0.000000
v -0.448458 -0.065553 0.074282
v -0.435101 -0.009074 0.100306
v -0.687124 -0.162638 -0.015379
v -0.702985 -0.149741 -0.023443
v -0.700569 -0.145094 -0.019222
v -0.708545 -0.124951 -0.028584
v -0.694998 -0.141123 -0.024090
v -0.698297 -0.145244 -0.029281
v -0.624585 -0.154144 0.020549
v -0.512769 -0.123800 -0.037303
v -0.563011 -0.118741 -0.048249
v -0.544642 -0.112780 -0.416696
v -0.451850 -0.097836 -0.329627
v -0.405381 -0.114731 -0.281543
v -0.404394 -0.098549 -0.240339
v 0.610821 -0.056467 -0.500269
v 0.597488 -0.074168 -0.524764
v 0.620423 -0.093260 -0.534636
v -0.984739 -0.170825 0.396381
v -0.704287 -0.115782 -0.000031
v -0.703873 -0.116261 -0.006844
v -0.704064 -0.116039 0.007429
v -0.706467 -0.130125 0.009355
v -0.695853 -0.117107 0.013254
v -0.702345 -0.130431 0.012593
v -0.699358 -0.130415 0.009993
v -0.701877 -0.142879 0.009976
v -0.701963 -0.131369 0.006427
v 0.620060 -0.055435 0.534490
v 0.597384 -0.074214 0.524613
v 0.610249 -0.092353 0.500069
v -0.984834 -0.170642 -0.396339
v -0.544852 -0.112844 0.416908
v -0.451767 -0.097648 0.329328
v -0.404951 -0.115138 0.281149
v -0.385060 -0.095044 0.252717
v -0.404003 -0.098647 0.240911
v -0.573208 -0.030836 -0.137615
v -0.535563 -0.025286 -0.147068
v -0.525889 -0.034497 -0.149368
v -0.621123 -0.040365 0.104419
v -0.606902 -0.044419 0.122232
v -0.611076 -0.057448 0.119297
v -0.512660 -0.123923 0.036978
v -0.625496 -0.141679 0.033221
v -0.674621 -0.152796 0.020300
v -0.939943 -0.117645 -0.300632
v -1.011824 -0.121239 -0.274530
v 0.224492 -0.068091 -0.283734
v 0.238910 -0.068684 -0.256054
v 0.249908 -0.054186 -0.254516
v 0.452144 -0.069906 -0.207766
v 0.457200 -0.070438 -0.184685
v 0.467211 -0.055818 -0.182798
v -0.939845 -0.117692 0.300304
v -1.012142 -0.121260 0.274627
v -0.635506 -0.066394 -0.083089
v -0.612008 -0.084658 -0.087694
v -0.610584 -0.077376 -0.104552
v -0.690058 -0.116372 0.008381
v -0.666580 -0.113774 0.047600
v 0.224906 -0.080053 0.284039
v 0.238408 -0.079787 0.256272
v 0.250219 -0.094493 0.254698
v 0.452117 -0.079112 0.208279
v 0.457680 -0.078305 0.184878
v 0.467710 -0.092716 0.183070
v -0.547543 -0.136387 -0.414259
v -0.754055 -0.074781 -0.958320
v -0.066878 -0.074322 -1.049993
v 0.346674 -0.074483 -0.853744
v 0.632437 -0.062771 -0.560529
v 0.632614 -0.070494 -0.145950
v 0.775405 -0.074717 -0.328339
v 0.778252 -0.050238 -0.296890
v 0.838736 -0.074706 -0.193472
v -0.547532 -0.135951 0.414252
v -0.633192 -0.110249 -0.088354
v -0.681938 -0.113370 -0.085044
v -0.434970 -0.009235 -0.099831
v -0.495214 -0.052631 -0.129656
v -0.553937 -0.079429 -0.108855
v -0.633358 -0.110049 0.088103
v -0.682974 -0.146892 0.078060
v -0.573196 -0.030342 0.137775
v -0.495291 -0.053027 0.130163
v -0.553831 -0.079542 0.108472
v -0.509011 -0.049055 0.141867
v -0.553831 -0.079542 0.108472
v -0.495291 -0.053027 0.130163
v -0.478398 -0.092923 0.000000
v -0.497373 -0.093291 -0.057061
v -0.753865 -0.074935 0.958477
v -0.066715 -0.074832 1.050194
v 0.346265 -0.074953 0.854060
v 0.775728 -0.074486 0.328848
v 0.846948 -0.067891 0.191640
v 0.632388 -0.086084 0.560401
v 0.632899 -0.078314 0.146075
v -1.178095 -0.116656 -0.341474
v 0.603282 -0.069419 -0.360776
v 0.776960 -0.071942 -0.111991
v -1.178207 -0.116601 0.341582
v -0.516187 -0.011989 -0.141236
v -0.666507 -0.113862 -0.047765
v -0.496960 -0.093267 0.057116
v 0.603376 -0.078584 0.361089
v 0.777605 -0.098532 0.297213
v 0.776956 -0.078424 0.112137
v -0.703873 -0.116261 -0.006844
v -0.553937 -0.079429 -0.108855
v -0.487839 -0.023450 0.134093
v -0.506109 -0.121583 -0.000331
v -0.502913 -0.106924 0.036343
v -0.509313 -0.118866 0.029845
v -0.503264 -0.107017 -0.035991
v -0.509612 -0.118523 -0.029514
v -0.266972 -0.035329 0.261583
v -0.395215 -0.032550 0.252920
v -0.378038 -0.048490 0.262269
v -0.253544 0.005977 0.325840
v -0.233166 -0.035023 0.263987
v -0.106780 -0.014163 0.293666
v 0.011242 -0.040844 0.276091
v 0.030118 -0.005492 0.321670
v 0.040843 -0.041083 0.275815
v 0.149807 -0.018838 0.284067
v 0.249916 -0.054538 0.254463
v 0.266355 -0.010397 0.284269
v 0.272813 -0.054272 0.252272
v 0.375209 -0.020385 0.233391
v 0.467497 -0.056372 0.182883
v 0.488513 -0.022200 0.211134
v 0.486852 -0.056145 0.179512
v 0.566890 -0.031882 0.173191
v 0.638736 -0.060592 0.143899
v 0.655684 -0.024777 0.165350
v 0.649322 -0.060627 0.140723
v 0.725840 -0.040575 0.119891
v 0.781420 -0.065253 0.110620
v 0.787469 -0.040026 0.116546
v 0.790574 -0.065152 0.107637
v 0.858534 -0.043679 0.094148
v 0.795021 -0.074652 0.105797
v 0.857885 -0.077552 0.083892
v 0.790536 -0.083557 0.107252
v 0.853993 -0.129598 -0.000084
v 0.791935 -0.134803 0.000115
v 0.790393 -0.083866 -0.107045
v 0.781518 -0.084004 -0.110227
v -0.253519 0.005869 -0.325897
v -0.266360 -0.035383 -0.261218
v -0.395212 -0.032177 -0.252837
v -0.232619 -0.035199 -0.263830
v -0.106908 -0.013767 -0.293520
v 0.011169 -0.040903 -0.275701
v 0.030573 -0.005744 -0.321309
v 0.041145 -0.041061 -0.275353
v 0.149642 -0.019179 -0.283968
v 0.249908 -0.054186 -0.254516
v 0.266457 -0.010371 -0.284098
v 0.272912 -0.054261 -0.251664
v 0.375616 -0.020601 -0.233110
v 0.467211 -0.055818 -0.182798
v 0.487939 -0.021982 -0.210922
v 0.487449 -0.056393 -0.178930
v 0.566767 -0.032222 -0.172624
v 0.638927 -0.060827 -0.143899
v 0.655563 -0.024258 -0.165230
v 0.649766 -0.060741 -0.140782
v 0.725901 -0.040127 -0.119205
v 0.781503 -0.065283 -0.110171
v 0.787889 -0.039447 -0.117040
v 0.790749 -0.065415 -0.106987
v 0.858533 -0.043253 -0.093684
v 0.794896 -0.074924 -0.105906
v 0.857885 -0.077184 -0.083826
v 1.015806 -0.119872 -0.000538
v 0.936058 -0.115015 -0.001251
v 0.936058 -0.077280 -0.066632
v 0.936058 -0.077781 0.066702
v 1.020996 -0.084081 0.056405
v 1.022294 -0.030232 0.056339
v 1.044026 -0.054178 0.011890
v 1.049540 -0.020931 -0.000554
v 1.100466 -0.020278 -0.000239
v 1.044026 -0.054164 -0.011467
v 1.112792 -0.061693 -0.016557
v 1.049216 -0.090992 0.000052
v 1.104683 -0.080618 -0.000411
v 1.112792 -0.061253 0.016525
v 1.126416 -0.120516 -0.000205
v 1.218861 -0.016061 -0.000295
v 1.197128 0.004235 -0.010945
v 1.179288 0.031950 -0.000283
v 1.197128 0.004203 0.011115
v 1.250000 0.141923 -0.000121
v -0.100508 0.126610 -0.063950
v -0.119821 0.117312 -0.038381
v -0.234926 0.121903 -0.047074
v -0.034966 0.189111 -0.000085
v -0.191695 0.168811 -0.000028
v -0.144470 0.200290 -0.000151
v -0.234726 0.121870 0.047003
v -0.206027 0.131104 0.077495
v -0.349711 0.121716 0.047190
v -0.277437 0.177195 -0.000216
v -0.349780 0.121716 -0.046877
v -0.232483 0.204376 0.000062
v -0.315600 0.131637 -0.080406
v -0.426406 0.161802 0.000497
v -0.435339 0.121680 -0.053105
v -0.503566 0.121917 0.000084
v -0.415389 0.120152 -0.046619
v -0.457300 0.121644 -0.000560
v 0.236051 0.110214 -0.041017
v 0.214079 0.100305 -0.029696
v 0.118904 0.108440 -0.026712
v 0.276637 0.144465 -0.000260
v 0.157828 0.139939 -0.000178
v 0.194837 0.167497 -0.000176
v 0.118830 0.107825 0.026825
v 0.131259 0.117635 0.048011
v -0.005450 0.115068 0.030808
v 0.033325 0.156615 -0.000546
v -0.005382 0.115242 -0.031158
v 0.070372 0.181884 -0.000187
v 0.011706 0.124221 -0.054111
v -0.378041 -0.048147 -0.261483
v -0.373651 -0.074024 -0.261772
v -0.284115 -0.074498 -0.259416
v -0.384666 -0.094881 -0.252316
v -0.267009 -0.113884 -0.261486
v -0.374060 -0.138228 -0.189206
v -0.254098 -0.199450 0.000490
v -0.374291 -0.182198 -0.000187
v -0.373929 -0.138282 0.189009
v -0.471551 -0.130853 -0.000095
v -0.448539 -0.103465 0.186799
v -0.478950 -0.012257 0.207090
v -0.420568 -0.083213 0.231555
v -0.425618 -0.057327 0.231376
v 0.560478 -0.000879 -0.136373
v 0.639137 0.005272 -0.119477
v 0.711638 -0.014720 -0.088330
v 0.713865 0.032128 -0.000454
v 0.786370 -0.010869 -0.073969
v 0.787317 0.020481 -0.000136
v 0.866967 -0.013584 -0.058070
v 0.856912 0.008597 0.000027
v 0.937355 -0.002448 -0.001124
v 0.866967 -0.013665 0.058065
v 0.936058 -0.043068 0.066890
v 0.365347 0.004450 -0.202581
v 0.472746 0.016270 -0.166275
v 0.524560 0.063494 -0.000234
v 0.624935 0.051901 -0.000018
v 0.639615 0.005566 0.119606
v 0.711860 -0.014308 0.088466
v 0.146480 0.008630 -0.254500
v 0.255223 0.021625 -0.238414
v 0.304823 0.094184 -0.017896
v 0.372832 0.088784 -0.001410
v 0.473150 0.016150 0.166243
v 0.560006 -0.000940 0.136784
v -0.417539 0.013124 -0.293030
v -0.440420 0.036446 -0.221949
v -0.478760 -0.012060 -0.207130
v -0.457300 0.121644 -0.000560
v -0.460249 0.075442 0.000320
v -0.425104 -0.011718 0.000056
v -0.448354 -0.103350 -0.186549
v -0.421324 -0.083154 -0.231200
v -0.404394 -0.098549 -0.240339
v 0.251696 -0.199130 -0.000350
v 0.250455 -0.094138 -0.254300
v 0.272705 -0.094680 -0.252058
v 0.040941 -0.107772 -0.275367
v 0.018710 -0.204376 0.000517
v 0.040891 -0.107743 0.275814
v 0.250219 -0.094493 0.254698
v 0.272790 -0.094915 0.252281
v 0.467710 -0.092716 0.183070
v 0.476324 -0.182950 0.000711
v 0.467228 -0.092884 -0.182791
v 0.641785 -0.170085 0.000459
v 0.638238 -0.088071 -0.144026
v 0.649617 -0.088221 -0.140487
v 0.487288 -0.092176 -0.179000
v 0.486736 -0.092213 0.179860
v 0.638456 -0.088109 0.144498
v 0.649671 -0.088349 0.140473
v 0.781385 -0.083653 0.110560
v -0.119416 0.117083 0.038504
v 0.025695 0.027582 0.268022
v -0.005450 0.115068 0.030808
v -0.106445 0.013092 0.264401
v -0.251166 0.038563 0.253013
v -0.440296 0.036259 0.222112
v -0.417574 0.013286 0.293106
v -0.414672 -0.035935 0.240650
v 0.936058 -0.043068 0.066890
v 1.018401 0.007944 -0.000289
v 1.022293 -0.030428 -0.056224
v 1.020996 -0.083957 -0.056487
v 0.236171 0.110009 0.041060
v 0.213940 0.100410 0.029346
v 0.247834 0.123136 -0.000407
v 0.302145 0.104950 -0.016086
v 0.304823 0.094184 -0.017896
v 0.372832 0.088784 -0.001410
v -0.105973 0.013045 -0.264390
v 0.025748 0.027702 -0.267904
v 0.118904 0.108440 -0.026712
v 0.214079 0.100305 -0.029696
v -0.065903 0.160546 -0.000114
v -0.119416 0.117083 0.038504
v 0.011630 0.124658 0.053912
v 0.936058 -0.043220 -0.066760
v 0.365437 0.004264 0.202933
v 0.255632 0.021456 0.238792
v 0.146519 0.008504 0.255149
v 0.118830 0.107825 0.026825
v -0.266432 -0.113728 0.261630
v -0.231954 -0.113642 0.264195
v 0.011239 -0.107183 0.276091
v 0.011207 -0.106922 -0.276022
v -0.232285 -0.113875 -0.264328
v -0.316075 0.131398 0.080508
v -0.435668 0.121395 0.053612
v -0.415858 0.120527 0.047125
v -0.251819 0.038643 -0.252738
v -0.119821 0.117312 -0.038381
v -0.234926 0.121903 -0.047074
v -0.349780 0.121716 -0.046877
v 0.936058 -0.043220 -0.066760
v 0.937355 -0.002448 -0.001124
v 0.786129 -0.011238 0.074293
v -0.373572 -0.073821 0.261540
v -0.284040 -0.074788 0.259468
v -0.385060 -0.095044 0.252717
v 0.213940 0.100410 0.029346
v 0.304797 0.094329 0.018111
v -0.415858 0.120527 0.047125
v -0.349711 0.121716 0.047190
v -0.234726 0.121870 0.047003
v 0.936058 -0.115015 -0.001251
v 0.936058 -0.077781 0.066702
v 0.936058 -0.077280 -0.066632
v -0.100346 0.126695 0.064190
v 0.302091 0.105035 0.015705
v 0.304797 0.094329 0.018111
v -0.414506 -0.036376 -0.240623
v -0.425279 -0.057146 -0.230970
v -0.206425 0.130949 -0.077892
v 0.131048 0.117645 -0.047689
v -0.005382 0.115242 -0.031158
v -0.404003 -0.098647 0.240911
v 0.655660 -0.071073 -0.138647
v 0.776960 -0.071942 -0.111991
v 0.496742 -0.069489 -0.178064
v 0.632614 -0.070494 -0.145950
v 0.283850 -0.067979 -0.249685
v 0.457200 -0.070438 -0.184685
v 0.056152 -0.064951 -0.275177
v 0.238910 -0.068684 -0.256054
v -0.215768 -0.065454 -0.265241
v -0.004313 -0.065378 -0.276238
v 0.776963 -0.078185 -0.112226
v 0.655643 -0.078275 -0.138660
v 0.632718 -0.078297 -0.145457
v 0.496679 -0.078663 -0.177737
v 0.457557 -0.078602 -0.184883
v 0.283947 -0.080455 -0.250094
v 0.238816 -0.079878 -0.256519
v 0.056231 -0.083989 -0.275171
v -0.003621 -0.084314 -0.275859
v -0.215634 -0.083481 -0.265139
v -0.415389 0.120152 -0.046619
v 0.655917 -0.070949 0.138802
v 0.777220 -0.071814 0.112040
v 0.496732 -0.069271 0.177802
v 0.632470 -0.070508 0.145983
v 0.284270 -0.068015 0.250137
v 0.457148 -0.069858 0.184953
v 0.056108 -0.064937 0.275338
v 0.238477 -0.068961 0.256247
v -0.215735 -0.065486 0.265376
v -0.004644 -0.065033 0.275939
v 0.776956 -0.078424 0.112137
v 0.655538 -0.077867 0.139073
v 0.632899 -0.078314 0.146075
v 0.496969 -0.079099 0.178194
v 0.457680 -0.078305 0.184878
v 0.283359 -0.080264 0.250126
v 0.238408 -0.079787 0.256272
v 0.056477 -0.083925 0.275002
v -0.004035 -0.083329 0.276244
v -0.215917 -0.083242 0.265465
# num_vertices: 1499

vt 0.572266 0.910156
vt 0.619141 0.923828
vt 0.617188 0.919922
vt 0.572266 0.925781
vt 0.482422 0.937500
vt 0.570312 0.941406
vt 0.482422 0.947266
vt 0.480469 0.958984
vt 0.318359 0.949219
vt 0.310547 0.966797
vt 0.267578 0.960938
vt 0.253906 0.982422
vt 0.207031 0.964844
vt 0.250000 0.992188
vt 0.195312 0.976562
vt 0.273438 0.957031
vt 0.240234 0.939453
vt 0.283203 0.929688
vt 0.267578 0.919922
vt 0.306641 0.908203
vt 0.294922 0.876953
vt 0.304688 0.910156
vt 0.310547 0.871094
vt 0.287109 0.912109
vt 0.240234 0.900391
vt 0.236328 0.943359
vt 0.171875 0.927734
vt 0.150391 0.937500
vt 0.130859 0.947266
vt 0.123047 0.855469
vt 0.103516 0.863281
vt 0.054688 0.771484
vt 0.025391 0.781250
vt 0.031250 0.746094
vt 0.001953 0.753906
vt 0.037109 0.687500
vt 0.015625 0.697266
vt 0.007812 0.605469
vt 0.062500 0.677734
vt 0.037109 0.601562
vt 0.066406 0.595703
vt 0.041016 0.533203
vt 0.058594 0.533203
vt 0.056641 0.441406
vt 0.041016 0.533203
vt 0.033203 0.535156
vt 0.037109 0.601562
vt 0.017578 0.605469
vt 0.017578 0.605469
vt 0.037109 0.687500
vt 0.007812 0.605469
vt 0.037109 0.601562
vt 0.033203 0.535156
vt 0.041016 0.533203
vt 0.056641 0.441406
vt 0.058594 0.533203
vt 0.041016 0.533203
vt 0.066406 0.595703
vt 0.037109 0.601562
vt 0.062500 0.677734
vt 0.015625 0.697266
vt 0.001953 0.753906
vt 0.031250 0.746094
vt 0.025391 0.781250
vt 0.054688 0.771484
vt 0.103516 0.863281
vt 0.123047 0.855469
vt 0.130859 0.947266
vt 0.150391 0.937500
vt 0.207031 0.964844
vt 0.171875 0.927734
vt 0.236328 0.943359
vt 0.240234 0.900391
vt 0.287109 0.912109
vt 0.310547 0.871094
vt 0.304688 0.910156
vt 0.294922 0.876953
vt 0.306641 0.908203
vt 0.267578 0.919922
vt 0.283203 0.929688
vt 0.240234 0.939453
vt 0.273438 0.957031
vt 0.195312 0.976562
vt 0.250000 0.992188
vt 0.253906 0.982422
vt 0.267578 0.960938
vt 0.310547 0.966797
vt 0.318359 0.949219
vt 0.480469 0.958984
vt 0.482422 0.947266
vt 0.570312 0.941406
vt 0.482422 0.937500
vt 0.572266 0.925781
vt 0.572266 0.910156
vt 0.619141 0.923828
vt 0.617188 0.919922
vt 0.066406 0.068359
vt 0.082031 0.064453
vt 0.080078 0.076172
vt 0.050781 0.041016
vt 0.037109 0.074219
vt 0.033203 0.039062
vt 0.023438 0.037109
vt 0.054688 0.003906
vt 0.033203 0.039062
vt 0.050781 0.041016
vt 0.037109 0.074219
vt 0.066406 0.068359
vt 0.080078 0.076172
vt 0.101562 0.070312
vt 0.140625 0.121094
vt 0.132812 0.125000
vt 0.388672 0.251953
vt 0.117188 0.134766
vt 0.382812 0.267578
vt 0.378906 0.275391
vt 0.417969 0.283203
vt 0.414062 0.296875
vt 0.460938 0.283203
vt 0.443359 0.453125
vt 0.496094 0.447266
vt 0.441406 0.458984
vt 0.494141 0.458984
vt 0.492188 0.484375
vt 0.527344 0.464844
vt 0.527344 0.476562
vt 0.871094 0.468750
vt 0.529297 0.482422
vt 0.871094 0.478516
vt 0.623047 0.617188
vt 0.644531 0.625000
vt 0.644531 0.628906
vt 0.902344 0.603516
vt 0.902344 0.611328
vt 0.966797 0.601562
vt 0.906250 0.626953
vt 0.970703 0.626953
vt 0.974609 0.640625
vt 0.996094 0.623047
vt 0.996094 0.630859
vt 0.083984 0.414062
vt 0.091797 0.406250
vt 0.101562 0.416016
vt 0.039062 0.402344
vt 0.070312 0.427734
vt 0.029297 0.410156
vt 0.025391 0.416016
vt 0.001953 0.373047
vt 0.029297 0.410156
vt 0.039062 0.402344
vt 0.070312 0.427734
vt 0.083984 0.414062
vt 0.101562 0.416016
vt 0.111328 0.404297
vt 0.166016 0.421875
vt 0.166016 0.425781
vt 0.166016 0.437500
vt 0.435547 0.472656
vt 0.433594 0.480469
vt 0.490234 0.496094
vt 0.576172 0.623047
vt 0.574219 0.628906
vt 0.621094 0.626953
vt 0.617188 0.648438
vt 0.646484 0.640625
vt 0.648438 0.644531
vt 0.908203 0.634766
vt 0.744141 0.773438
vt 0.765625 0.783203
vt 0.765625 0.787109
vt 0.927734 0.753906
vt 0.929688 0.761719
vt 0.970703 0.751953
vt 0.933594 0.775391
vt 0.976562 0.775391
vt 0.980469 0.785156
vt 0.996094 0.767578
vt 0.996094 0.773438
vt 0.066406 0.068359
vt 0.082031 0.064453
vt 0.080078 0.076172
vt 0.050781 0.041016
vt 0.037109 0.074219
vt 0.033203 0.039062
vt 0.023438 0.037109
vt 0.054688 0.003906
vt 0.033203 0.039062
vt 0.050781 0.041016
vt 0.037109 0.074219
vt 0.066406 0.068359
vt 0.080078 0.076172
vt 0.101562 0.070312
vt 0.140625 0.121094
vt 0.132812 0.125000
vt 0.388672 0.251953
vt 0.117188 0.134766
vt 0.382812 0.267578
vt 0.378906 0.275391
vt 0.417969 0.283203
vt 0.414062 0.296875
vt 0.460938 0.283203
vt 0.443359 0.453125
vt 0.496094 0.447266
vt 0.441406 0.458984
vt 0.494141 0.458984
vt 0.492188 0.484375
vt 0.527344 0.464844
vt 0.527344 0.476562
vt 0.871094 0.468750
vt 0.529297 0.482422
vt 0.871094 0.478516
vt 0.623047 0.617188
vt 0.644531 0.625000
vt 0.644531 0.628906
vt 0.902344 0.603516
vt 0.902344 0.611328
vt 0.966797 0.601562
vt 0.906250 0.626953
vt 0.970703 0.626953
vt 0.974609 0.640625
vt 0.996094 0.623047
vt 0.996094 0.630859
vt 0.083984 0.414062
vt 0.091797 0.406250
vt 0.101562 0.416016
vt 0.039062 0.402344
vt 0.070312 0.427734
vt 0.029297 0.410156
vt 0.025391 0.416016
vt 0.001953 0.373047
vt 0.029297 0.410156
vt 0.039062 0.402344
vt 0.070312 0.427734
vt 0.083984 0.414062
vt 0.101562 0.416016
vt 0.111328 0.404297
vt 0.166016 0.421875
vt 0.166016 0.425781
vt 0.166016 0.437500
vt 0.435547 0.472656
vt 0.433594 0.480469
vt 0.490234 0.496094
vt 0.576172 0.623047
vt 0.574219 0.628906
vt 0.621094 0.626953
vt 0.617188 0.648438
vt 0.646484 0.640625
vt 0.648438 0.644531
vt 0.908203 0.634766
vt 0.744141 0.773438
vt 0.765625 0.783203
vt 0.765625 0.787109
vt 0.927734 0.753906
vt 0.929688 0.761719
vt 0.970703 0.751953
vt 0.933594 0.775391
vt 0.976562 0.775391
vt 0.980469 0.785156
vt 0.996094 0.767578
vt 0.996094 0.773438
vt 0.275391 0.611328
vt 0.279297 0.605469
vt 0.289062 0.611328
vt 0.238281 0.605469
vt 0.267578 0.623047
vt 0.232422 0.613281
vt 0.230469 0.615234
vt 0.203125 0.585938
vt 0.232422 0.613281
vt 0.238281 0.605469
vt 0.267578 0.623047
vt 0.275391 0.611328
vt 0.289062 0.611328
vt 0.294922 0.603516
vt 0.357422 0.611328
vt 0.359375 0.617188
vt 0.367188 0.625000
vt 0.572266 0.640625
vt 0.572266 0.646484
vt 0.615234 0.658203
vt 0.714844 0.783203
vt 0.714844 0.787109
vt 0.746094 0.783203
vt 0.746094 0.800781
vt 0.765625 0.796875
vt 0.765625 0.800781
vt 0.935547 0.781250
vt 0.802734 0.894531
vt 0.945312 0.875000
vt 0.947266 0.878906
vt 0.972656 0.865234
vt 0.974609 0.871094
vt 0.992188 0.873047
vt 0.980469 0.886719
vt 0.992188 0.880859
vt 0.992188 0.884766
vt 0.275391 0.611328
vt 0.279297 0.605469
vt 0.289062 0.611328
vt 0.238281 0.605469
vt 0.267578 0.623047
vt 0.232422 0.613281
vt 0.230469 0.615234
vt 0.203125 0.585938
vt 0.232422 0.613281
vt 0.238281 0.605469
vt 0.267578 0.623047
vt 0.275391 0.611328
vt 0.289062 0.611328
vt 0.294922 0.603516
vt 0.357422 0.611328
vt 0.359375 0.617188
vt 0.367188 0.625000
vt 0.572266 0.640625
vt 0.572266 0.646484
vt 0.615234 0.658203
vt 0.714844 0.783203
vt 0.714844 0.787109
vt 0.746094 0.783203
vt 0.746094 0.800781
vt 0.765625 0.796875
vt 0.765625 0.800781
vt 0.935547 0.781250
vt 0.802734 0.894531
vt 0.945312 0.875000
vt 0.947266 0.878906
vt 0.972656 0.865234
vt 0.974609 0.871094
vt 0.992188 0.873047
vt 0.980469 0.886719
vt 0.992188 0.880859
vt 0.992188 0.884766
vt 0.523438 0.820312
vt 0.521484 0.806641
vt 0.527344 0.810547
vt 0.519531 0.812500
vt 0.521484 0.806641
vt 0.498047 0.802734
vt 0.500000 0.800781
vt 0.474609 0.777344
vt 0.501953 0.792969
vt 0.503906 0.789062
vt 0.531250 0.787109
vt 0.501953 0.792969
vt 0.527344 0.792969
vt 0.537109 0.791016
vt 0.582031 0.800781
vt 0.583984 0.806641
vt 0.582031 0.800781
vt 0.716797 0.804688
vt 0.716797 0.798828
vt 0.746094 0.800781
vt 0.714844 0.787109
vt 0.746094 0.783203
vt 0.744141 0.773438
vt 0.765625 0.787109
vt 0.765625 0.783203
vt 0.927734 0.753906
vt 0.908203 0.634766
vt 0.974609 0.640625
vt 0.906250 0.626953
vt 0.970703 0.626953
vt 0.966797 0.601562
vt 0.996094 0.623047
vt 0.996094 0.607422
vt 0.966797 0.601562
vt 0.996094 0.623047
vt 0.996094 0.607422
vt 0.970703 0.626953
vt 0.906250 0.626953
vt 0.974609 0.640625
vt 0.908203 0.634766
vt 0.927734 0.753906
vt 0.765625 0.783203
vt 0.765625 0.787109
vt 0.744141 0.773438
vt 0.746094 0.783203
vt 0.714844 0.787109
vt 0.746094 0.800781
vt 0.716797 0.798828
vt 0.716797 0.804688
vt 0.582031 0.800781
vt 0.583984 0.806641
vt 0.523438 0.820312
vt 0.582031 0.800781
vt 0.527344 0.810547
vt 0.537109 0.791016
vt 0.521484 0.806641
vt 0.527344 0.792969
vt 0.501953 0.792969
vt 0.531250 0.787109
vt 0.503906 0.789062
vt 0.501953 0.792969
vt 0.474609 0.777344
vt 0.500000 0.800781
vt 0.498047 0.802734
vt 0.521484 0.806641
vt 0.519531 0.812500
vt 0.021484 0.078125
vt 0.011719 0.091797
vt 0.035156 0.085938
vt 0.117188 0.134766
vt 0.132812 0.125000
vt 0.388672 0.251953
vt 0.392578 0.244141
vt 0.429688 0.242188
vt 0.425781 0.255859
vt 0.460938 0.263672
vt 0.460938 0.277344
vt 0.851562 0.292969
vt 0.849609 0.302734
vt 0.527344 0.458984
vt 0.869141 0.441406
vt 0.869141 0.451172
vt 0.955078 0.443359
vt 0.957031 0.470703
vt 0.958984 0.486328
vt 0.996094 0.464844
vt 0.996094 0.472656
vt 0.755859 0.898438
vt 0.748047 0.896484
vt 0.753906 0.890625
vt 0.750000 0.902344
vt 0.753906 0.914062
vt 0.726562 0.908203
vt 0.728516 0.914062
vt 0.697266 0.904297
vt 0.730469 0.917969
vt 0.728516 0.914062
vt 0.753906 0.914062
vt 0.726562 0.908203
vt 0.750000 0.902344
vt 0.755859 0.898438
vt 0.806641 0.896484
vt 0.816406 0.904297
vt 0.949219 0.888672
vt 0.951172 0.892578
vt 0.982422 0.894531
vt 0.964844 0.972656
vt 0.980469 0.966797
vt 0.964844 0.976562
vt 0.982422 0.970703
vt 0.984375 0.982422
vt 0.996094 0.972656
vt 0.996094 0.978516
vt 0.021484 0.078125
vt 0.011719 0.091797
vt 0.035156 0.085938
vt 0.117188 0.134766
vt 0.132812 0.125000
vt 0.388672 0.251953
vt 0.392578 0.244141
vt 0.429688 0.242188
vt 0.425781 0.255859
vt 0.460938 0.263672
vt 0.460938 0.277344
vt 0.851562 0.292969
vt 0.849609 0.302734
vt 0.527344 0.458984
vt 0.869141 0.441406
vt 0.869141 0.451172
vt 0.955078 0.443359
vt 0.957031 0.470703
vt 0.958984 0.486328
vt 0.996094 0.464844
vt 0.996094 0.472656
vt 0.755859 0.898438
vt 0.748047 0.896484
vt 0.753906 0.890625
vt 0.750000 0.902344
vt 0.753906 0.914062
vt 0.726562 0.908203
vt 0.728516 0.914062
vt 0.697266 0.904297
vt 0.730469 0.917969
vt 0.728516 0.914062
vt 0.753906 0.914062
vt 0.726562 0.908203
vt 0.750000 0.902344
vt 0.755859 0.898438
vt 0.806641 0.896484
vt 0.816406 0.904297
vt 0.949219 0.888672
vt 0.951172 0.892578
vt 0.982422 0.894531
vt 0.964844 0.972656
vt 0.980469 0.966797
vt 0.964844 0.976562
vt 0.982422 0.970703
vt 0.984375 0.982422
vt 0.996094 0.972656
vt 0.996094 0.978516
vt 0.035156 0.085938
vt 0.109375 0.140625
vt 0.378906 0.275391
vt 0.382812 0.267578
vt 0.417969 0.283203
vt 0.425781 0.255859
vt 0.460938 0.263672
vt 0.462891 0.255859
vt 0.853516 0.261719
vt 0.853516 0.271484
vt 0.951172 0.269531
vt 0.949219 0.302734
vt 0.996094 0.292969
vt 0.947266 0.318359
vt 0.996094 0.302734
vt 0.953125 0.427734
vt 0.996094 0.439453
vt 0.996094 0.449219
vt 0.957031 0.078125
vt 0.955078 0.087891
vt 0.916016 0.052734
vt 0.988281 0.125000
vt 0.958984 0.062500
vt 0.957031 0.078125
vt 0.916016 0.052734
vt 0.914062 0.068359
vt 0.880859 0.128906
vt 0.912109 0.066406
vt 0.871094 0.099609
vt 0.916016 0.052734
vt 0.859375 0.068359
vt 0.906250 0.017578
vt 0.847656 0.052734
vt 0.908203 0.003906
vt 0.906250 0.017578
vt 0.923828 0.037109
vt 0.925781 0.035156
vt 0.958984 0.062500
vt 0.957031 0.078125
vt 0.988281 0.125000
vt 0.953125 0.089844
vt 0.957031 0.078125
vt 0.916016 0.052734
vt 0.035156 0.085938
vt 0.109375 0.140625
vt 0.378906 0.275391
vt 0.382812 0.267578
vt 0.417969 0.283203
vt 0.425781 0.255859
vt 0.460938 0.263672
vt 0.462891 0.255859
vt 0.853516 0.261719
vt 0.853516 0.271484
vt 0.951172 0.269531
vt 0.949219 0.302734
vt 0.996094 0.292969
vt 0.947266 0.318359
vt 0.996094 0.302734
vt 0.953125 0.427734
vt 0.996094 0.439453
vt 0.996094 0.449219
vt 0.671875 0.003906
vt 0.646484 0.007812
vt 0.673828 0.050781
vt 0.634766 0.035156
vt 0.662109 0.031250
vt 0.646484 0.060547
vt 0.669922 0.050781
vt 0.667969 0.095703
vt 0.701172 0.093750
vt 0.654297 0.134766
vt 0.687500 0.152344
vt 0.583984 0.166016
vt 0.589844 0.191406
vt 0.507812 0.158203
vt 0.492188 0.179688
vt 0.496094 0.126953
vt 0.468750 0.130859
vt 0.490234 0.066406
vt 0.472656 0.058594
vt 0.580078 0.041016
vt 0.578125 0.033203
vt 0.578125 0.027344
vt 0.695312 0.035156
vt 0.728516 0.083984
vt 0.728516 0.083984
vt 0.701172 0.093750
vt 0.687500 0.152344
vt 0.669922 0.050781
vt 0.695312 0.035156
vt 0.673828 0.050781
vt 0.578125 0.027344
vt 0.646484 0.007812
vt 0.578125 0.033203
vt 0.580078 0.041016
vt 0.472656 0.058594
vt 0.490234 0.066406
vt 0.468750 0.130859
vt 0.496094 0.126953
vt 0.492188 0.179688
vt 0.507812 0.158203
vt 0.589844 0.191406
vt 0.583984 0.166016
vt 0.654297 0.134766
vt 0.667969 0.095703
vt 0.646484 0.060547
vt 0.662109 0.031250
vt 0.634766 0.035156
vt 0.671875 0.003906
vt 0.914062 0.982422
vt 0.910156 0.978516
vt 0.916016 0.976562
vt 0.910156 0.982422
vt 0.908203 0.988281
vt 0.894531 0.984375
vt 0.894531 0.988281
vt 0.880859 0.978516
vt 0.894531 0.988281
vt 0.894531 0.988281
vt 0.908203 0.988281
vt 0.894531 0.984375
vt 0.910156 0.982422
vt 0.914062 0.982422
vt 0.941406 0.976562
vt 0.943359 0.978516
vt 0.945312 0.984375
vt 0.968750 0.982422
vt 0.968750 0.984375
vt 0.988281 0.988281
vt 0.984375 0.982422
vt 0.996094 0.980469
vt 0.996094 0.978516
vt 0.980469 0.886719
vt 0.992188 0.880859
vt 0.992188 0.873047
vt 0.992188 0.884766
vt 0.982422 0.894531
vt 0.980469 0.966797
vt 0.964844 0.972656
vt 0.964844 0.976562
vt 0.941406 0.976562
vt 0.943359 0.978516
vt 0.914062 0.982422
vt 0.945312 0.984375
vt 0.912109 0.992188
vt 0.910156 1.000000
vt 0.908203 0.988281
vt 0.906250 0.992188
vt 0.894531 0.988281
vt 0.908203 0.988281
vt 0.894531 0.988281
vt 0.894531 0.984375
vt 0.880859 0.978516
vt 0.896484 0.980469
vt 0.894531 0.984375
vt 0.910156 0.978516
vt 0.910156 0.982422
vt 0.996094 0.273438
vt 0.996094 0.263672
vt 0.953125 0.251953
vt 0.951172 0.269531
vt 0.853516 0.271484
vt 0.851562 0.292969
vt 0.460938 0.277344
vt 0.460938 0.283203
vt 0.414062 0.296875
vt 0.443359 0.453125
vt 0.441406 0.458984
vt 0.166016 0.425781
vt 0.166016 0.437500
vt 0.080078 0.437500
vt 0.070312 0.447266
vt 0.062500 0.435547
vt 0.996094 0.273438
vt 0.996094 0.263672
vt 0.953125 0.251953
vt 0.951172 0.269531
vt 0.853516 0.271484
vt 0.851562 0.292969
vt 0.460938 0.277344
vt 0.460938 0.283203
vt 0.414062 0.296875
vt 0.443359 0.453125
vt 0.441406 0.458984
vt 0.166016 0.425781
vt 0.166016 0.437500
vt 0.080078 0.437500
vt 0.070312 0.447266
vt 0.062500 0.435547
vt 0.199219 0.822266
vt 0.265625 0.794922
vt 0.240234 0.900391
vt 0.242188 0.685547
vt 0.154297 0.730469
vt 0.232422 0.648438
vt 0.140625 0.675781
vt 0.185547 0.636719
vt 0.150391 0.636719
vt 0.158203 0.580078
vt 0.142578 0.580078
vt 0.132812 0.498047
vt 0.158203 0.580078
vt 0.179688 0.580078
vt 0.171875 0.638672
vt 0.220703 0.632812
vt 0.242188 0.644531
vt 0.250000 0.679688
vt 0.277344 0.789062
vt 0.953125 0.427734
vt 0.996094 0.439453
vt 0.996094 0.302734
vt 0.955078 0.443359
vt 0.869141 0.441406
vt 0.869141 0.451172
vt 0.527344 0.464844
vt 0.871094 0.468750
vt 0.527344 0.476562
vt 0.529297 0.482422
vt 0.492188 0.484375
vt 0.490234 0.496094
vt 0.433594 0.480469
vt 0.576172 0.623047
vt 0.574219 0.628906
vt 0.359375 0.617188
vt 0.367188 0.625000
vt 0.275391 0.628906
vt 0.269531 0.638672
vt 0.261719 0.628906
vt 0.242188 0.685547
vt 0.199219 0.822266
vt 0.265625 0.794922
vt 0.154297 0.730469
vt 0.232422 0.648438
vt 0.140625 0.675781
vt 0.185547 0.636719
vt 0.150391 0.636719
vt 0.158203 0.580078
vt 0.142578 0.580078
vt 0.132812 0.498047
vt 0.158203 0.580078
vt 0.179688 0.580078
vt 0.171875 0.638672
vt 0.220703 0.632812
vt 0.242188 0.644531
vt 0.250000 0.679688
vt 0.277344 0.789062
vt 0.240234 0.900391
vt 0.953125 0.427734
vt 0.996094 0.439453
vt 0.996094 0.302734
vt 0.955078 0.443359
vt 0.869141 0.441406
vt 0.869141 0.451172
vt 0.527344 0.464844
vt 0.871094 0.468750
vt 0.527344 0.476562
vt 0.529297 0.482422
vt 0.492188 0.484375
vt 0.490234 0.496094
vt 0.433594 0.480469
vt 0.576172 0.623047
vt 0.574219 0.628906
vt 0.359375 0.617188
vt 0.367188 0.625000
vt 0.275391 0.628906
vt 0.269531 0.638672
vt 0.261719 0.628906
vt 0.080078 0.437500
vt 0.167969 0.443359
vt 0.435547 0.472656
vt 0.494141 0.458984
vt 0.496094 0.447266
vt 0.527344 0.458984
vt 0.849609 0.302734
vt 0.947266 0.318359
vt 0.949219 0.302734
vt 0.996094 0.292969
vt 0.996094 0.273438
vt 0.275391 0.628906
vt 0.371094 0.630859
vt 0.572266 0.646484
vt 0.572266 0.640625
vt 0.617188 0.648438
vt 0.621094 0.626953
vt 0.623047 0.617188
vt 0.644531 0.628906
vt 0.644531 0.625000
vt 0.902344 0.603516
vt 0.871094 0.478516
vt 0.958984 0.486328
vt 0.957031 0.470703
vt 0.996094 0.464844
vt 0.996094 0.449219
vt 0.996094 0.292969
vt 0.996094 0.273438
vt 0.949219 0.302734
vt 0.947266 0.318359
vt 0.849609 0.302734
vt 0.527344 0.458984
vt 0.496094 0.447266
vt 0.494141 0.458984
vt 0.435547 0.472656
vt 0.167969 0.443359
vt 0.080078 0.437500
vt 0.996094 0.464844
vt 0.996094 0.449219
vt 0.957031 0.470703
vt 0.958984 0.486328
vt 0.871094 0.478516
vt 0.902344 0.603516
vt 0.644531 0.625000
vt 0.644531 0.628906
vt 0.623047 0.617188
vt 0.621094 0.626953
vt 0.617188 0.648438
vt 0.572266 0.640625
vt 0.572266 0.646484
vt 0.371094 0.630859
vt 0.275391 0.628906
vt 0.699219 0.156250
vt 0.589844 0.201172
vt 0.476562 0.193359
vt 0.591797 0.208984
vt 0.433594 0.210938
vt 0.591797 0.216797
vt 0.431641 0.214844
vt 0.427734 0.230469
vt 0.378906 0.150391
vt 0.431641 0.214844
vt 0.433594 0.210938
vt 0.591797 0.216797
vt 0.591797 0.208984
vt 0.691406 0.173828
vt 0.710938 0.156250
vt 0.718750 0.160156
vt 0.751953 0.082031
vt 0.759766 0.082031
vt 0.730469 0.039062
vt 0.732422 0.039062
vt 0.199219 0.822266
vt 0.142578 0.841797
vt 0.156250 0.730469
vt 0.082031 0.759766
vt 0.140625 0.675781
vt 0.091797 0.701172
vt 0.101562 0.664062
vt 0.091797 0.701172
vt 0.082031 0.759766
vt 0.142578 0.841797
vt 0.171875 0.925781
vt 0.527344 0.810547
vt 0.537109 0.791016
vt 0.574219 0.792969
vt 0.572266 0.789062
vt 0.714844 0.783203
vt 0.615234 0.658203
vt 0.648438 0.644531
vt 0.646484 0.640625
vt 0.902344 0.611328
vt 0.964844 0.589844
vt 0.996094 0.601562
vt 0.996094 0.472656
vt 0.527344 0.810547
vt 0.537109 0.791016
vt 0.574219 0.792969
vt 0.572266 0.789062
vt 0.714844 0.783203
vt 0.615234 0.658203
vt 0.648438 0.644531
vt 0.646484 0.640625
vt 0.902344 0.611328
vt 0.964844 0.589844
vt 0.996094 0.601562
vt 0.996094 0.472656
vt 0.199219 0.822266
vt 0.142578 0.841797
vt 0.156250 0.730469
vt 0.082031 0.759766
vt 0.140625 0.675781
vt 0.091797 0.701172
vt 0.101562 0.664062
vt 0.091797 0.701172
vt 0.082031 0.759766
vt 0.142578 0.841797
vt 0.171875 0.925781
vt 0.716797 0.798828
vt 0.716797 0.804688
vt 0.748047 0.810547
vt 0.765625 0.800781
vt 0.765625 0.796875
vt 0.933594 0.775391
vt 0.929688 0.761719
vt 0.970703 0.751953
vt 0.968750 0.742188
vt 0.996094 0.748047
vt 0.996094 0.630859
vt 0.755859 0.917969
vt 0.765625 0.923828
vt 0.761719 0.916016
vt 0.816406 0.904297
vt 0.806641 0.896484
vt 0.947266 0.878906
vt 0.945312 0.875000
vt 0.935547 0.781250
vt 0.980469 0.785156
vt 0.976562 0.775391
vt 0.996094 0.767578
vt 0.996094 0.755859
vt 0.683594 0.220703
vt 0.703125 0.187500
vt 0.732422 0.228516
vt 0.732422 0.228516
vt 0.748047 0.255859
vt 0.794922 0.191406
vt 0.812500 0.255859
vt 0.845703 0.162109
vt 0.863281 0.175781
vt 0.812500 0.255859
vt 0.958984 0.193359
vt 0.968750 0.189453
vt 0.962891 0.152344
vt 0.966797 0.152344
vt 0.957031 0.121094
vt 0.974609 0.150391
vt 0.966797 0.150391
vt 0.968750 0.189453
vt 0.970703 0.751953
vt 0.996094 0.767578
vt 0.996094 0.755859
vt 0.976562 0.775391
vt 0.933594 0.775391
vt 0.980469 0.785156
vt 0.935547 0.781250
vt 0.945312 0.875000
vt 0.947266 0.878906
vt 0.806641 0.896484
vt 0.816406 0.904297
vt 0.761719 0.916016
vt 0.765625 0.923828
vt 0.755859 0.917969
vt 0.968750 0.742188
vt 0.996094 0.748047
vt 0.996094 0.630859
vt 0.929688 0.761719
vt 0.765625 0.796875
vt 0.765625 0.800781
vt 0.748047 0.810547
vt 0.716797 0.804688
vt 0.716797 0.798828
vt 0.996094 0.968750
vt 0.996094 0.972656
vt 0.982422 0.970703
vt 0.984375 0.982422
vt 0.968750 0.982422
vt 0.968750 0.984375
vt 0.945312 0.984375
vt 0.945312 0.984375
vt 0.912109 0.992188
vt 0.914062 0.982422
vt 0.910156 0.982422
vt 0.980469 0.886719
vt 0.992188 0.880859
vt 0.992188 0.873047
vt 0.992188 0.884766
vt 0.982422 0.894531
vt 0.980469 0.966797
vt 0.964844 0.972656
vt 0.964844 0.976562
vt 0.943359 0.978516
vt 0.945312 0.984375
vt 0.912109 0.992188
vt 0.910156 1.000000
vt 0.906250 0.992188
vt 0.558594 0.957031
vt 0.607422 0.953125
vt 0.607422 0.968750
vt 0.611328 0.933594
vt 0.566406 0.927734
vt 0.476562 0.941406
vt 0.480469 0.931641
vt 0.326172 0.929688
vt 0.326172 0.933594
vt 0.308594 0.916016
vt 0.291016 0.931641
vt 0.611328 0.933594
vt 0.558594 0.957031
vt 0.607422 0.953125
vt 0.566406 0.927734
vt 0.476562 0.941406
vt 0.480469 0.931641
vt 0.326172 0.929688
vt 0.326172 0.933594
vt 0.308594 0.916016
vt 0.291016 0.931641
vt 0.251953 0.103516
vt 0.355469 0.123047
vt 0.251953 0.128906
vt 0.339844 0.095703
vt 0.300781 0.083984
vt 0.367188 0.062500
vt 0.312500 0.062500
vt 0.300781 0.044922
vt 0.251953 0.062500
vt 0.251953 0.044922
vt 0.207031 0.044922
vt 0.250000 0.025391
vt 0.175781 0.033203
vt 0.152344 0.007812
vt 0.142578 0.060547
vt 0.111328 0.060547
vt 0.148438 0.115234
vt 0.251953 0.103516
vt 0.251953 0.128906
vt 0.355469 0.123047
vt 0.148438 0.115234
vt 0.169922 0.089844
vt 0.142578 0.060547
vt 0.207031 0.083984
vt 0.197266 0.062500
vt 0.251953 0.062500
vt 0.207031 0.044922
vt 0.251953 0.044922
vt 0.250000 0.025391
vt 0.300781 0.044922
vt 0.347656 0.035156
vt 0.367188 0.062500
vt 0.363281 0.017578
vt 0.396484 0.064453
vt 0.312500 0.916016
vt 0.318359 0.941406
vt 0.310547 0.960938
vt 0.472656 0.957031
vt 0.472656 0.968750
vt 0.556641 0.980469
vt 0.560547 0.974609
vt 0.609375 0.972656
vt 0.613281 0.958984
vt 0.912109 0.992188
vt 0.945312 0.984375
vt 0.968750 0.982422
vt 0.982422 0.970703
vt 0.996094 0.972656
vt 0.996094 0.968750
vt 0.820312 0.906250
vt 0.951172 0.892578
vt 0.949219 0.888672
vt 0.974609 0.871094
vt 0.972656 0.865234
vt 0.992188 0.869141
vt 0.996094 0.773438
vt 0.996094 0.773438
vt 0.992188 0.869141
vt 0.972656 0.865234
vt 0.974609 0.871094
vt 0.949219 0.888672
vt 0.951172 0.892578
vt 0.820312 0.906250
vt 0.916016 0.976562
vt 0.943359 0.978516
vt 0.968750 0.982422
vt 0.988281 0.988281
vt 0.996094 0.980469
vt 0.996094 0.978516
vt 0.312500 0.916016
vt 0.318359 0.941406
vt 0.310547 0.960938
vt 0.472656 0.957031
vt 0.472656 0.968750
vt 0.556641 0.980469
vt 0.560547 0.974609
vt 0.607422 0.968750
vt 0.609375 0.972656
vt 0.441406 0.060547
vt 0.396484 0.150391
vt 0.414062 0.056641
vt 0.396484 0.150391
vt 0.476562 0.193359
vt 0.589844 0.201172
vt 0.699219 0.156250
vt 0.382812 0.849609
vt 0.300781 0.773438
vt 0.369141 0.873047
vt 0.332031 0.771484
vt 0.355469 0.759766
vt 0.347656 0.654297
vt 0.332031 0.773438
vt 0.384766 0.849609
vt 0.492188 0.916016
vt 0.509766 0.886719
vt 0.539062 0.845703
vt 0.382812 0.849609
vt 0.509766 0.886719
vt 0.492188 0.916016
vt 0.539062 0.845703
vt 0.412109 0.808594
vt 0.384766 0.849609
vt 0.355469 0.759766
vt 0.332031 0.773438
vt 0.347656 0.654297
vt 0.300781 0.773438
vt 0.332031 0.771484
vt 0.751953 0.082031
vt 0.710938 0.156250
vt 0.691406 0.173828
vt 0.687500 0.191406
vt 0.591797 0.236328
vt 0.505859 0.037109
vt 0.484375 0.033203
vt 0.441406 0.060547
vt 0.425781 0.146484
vt 0.925781 0.035156
vt 0.958984 0.062500
vt 0.957031 0.078125
vt 0.988281 0.125000
vt 0.953125 0.089844
vt 0.957031 0.078125
vt 0.859375 0.068359
vt 0.714844 0.197266
vt 0.794922 0.191406
vt 0.306641 0.976562
vt 0.476562 0.964844
vt 0.564453 0.962891
vt 0.617188 0.939453
vt 0.574219 0.792969
vt 0.541016 0.783203
vt 0.527344 0.792969
vt 0.070312 0.673828
vt 0.980469 0.189453
vt 0.980469 0.187500
vt 0.980469 0.187500
vt 0.974609 0.150391
vt 0.968750 0.189453
vt 0.966797 0.152344
vt 0.962891 0.152344
vt 0.957031 0.121094
vt 0.966797 0.150391
vt 0.527344 0.792969
vt 0.541016 0.783203
vt 0.574219 0.792969
vt 0.070312 0.673828
vt 0.306641 0.976562
vt 0.476562 0.964844
vt 0.564453 0.962891
vt 0.613281 0.958984
vt 0.617188 0.939453
vt 0.251953 0.083984
vt 0.207031 0.083984
vt 0.197266 0.062500
vt 0.339844 0.095703
vt 0.300781 0.083984
vt 0.312500 0.062500
vt 0.714844 0.197266
vt 0.871094 0.099609
vt 0.912109 0.066406
vt 0.222656 0.632812
vt 0.179688 0.580078
vt 0.964844 0.589844
vt 0.996094 0.601562
vt 0.996094 0.607422
vt 0.968750 0.742188
vt 0.996094 0.748047
vt 0.996094 0.755859
vt 0.222656 0.632812
vt 0.179688 0.580078
vt 0.396484 0.064453
vt 0.363281 0.017578
vt 0.347656 0.035156
vt 0.958984 0.193359
vt 0.960938 0.234375
vt 0.964844 0.589844
vt 0.996094 0.601562
vt 0.996094 0.607422
vt 0.968750 0.742188
vt 0.996094 0.748047
vt 0.996094 0.755859
vt 0.308594 0.972656
vt 0.060547 0.042969
vt 0.042969 0.398438
vt 0.240234 0.601562
vt 0.500000 0.800781
vt 0.992188 0.869141
vt 0.724609 0.904297
vt 0.761719 0.916016
vt 0.896484 0.980469
vt 0.308594 0.972656
vt 0.509766 0.886719
vt 0.412109 0.808594
vt 0.425781 0.146484
vt 0.505859 0.085938
vt 0.580078 0.060547
vt 0.509766 0.886719
vt 0.369141 0.873047
vt 0.251953 0.083984
vt 0.152344 0.007812
vt 0.251953 0.003906
vt 0.175781 0.033203
vt 0.580078 0.060547
vt 0.505859 0.085938
vt 0.656250 0.251953
vt 0.748047 0.255859
vt 0.060547 0.042969
vt 0.042969 0.398438
vt 0.240234 0.601562
vt 0.724609 0.904297
vt 0.894531 0.988281
vt 0.500000 0.800781
vt 0.992188 0.869141
vt 0.023438 0.537109
vt 0.748047 0.810547
vt 0.996094 0.968750
vt 0.023438 0.537109
vt 0.169922 0.089844
vt 0.960938 0.234375
vt 0.505859 0.037109
vt 0.748047 0.810547
vt 0.761719 0.916016
vt 0.996094 0.968750
vt 0.730469 0.039062
vt 0.251953 0.003906
vt 0.111328 0.060547
vt 0.703125 0.187500
vt 0.732422 0.228516
vt 0.714844 0.197266
vt 0.732422 0.228516
vt 0.714844 0.197266
vt 0.675781 0.392578
vt 0.777344 0.388672
vt 0.751953 0.367188
vt 0.757812 0.480469
vt 0.658203 0.392578
vt 0.666016 0.472656
vt 0.539062 0.392578
vt 0.570312 0.466797
vt 0.523438 0.392578
vt 0.505859 0.460938
vt 0.414062 0.392578
vt 0.416016 0.458984
vt 0.392578 0.392578
vt 0.361328 0.455078
vt 0.296875 0.392578
vt 0.291016 0.453125
vt 0.275391 0.392578
vt 0.234375 0.449219
vt 0.201172 0.392578
vt 0.183594 0.445312
vt 0.181641 0.392578
vt 0.134766 0.394531
vt 0.130859 0.355469
vt 0.099609 0.396484
vt 0.095703 0.355469
vt 0.054688 0.396484
vt 0.080078 0.281250
vt 0.052734 0.281250
vt 0.080078 0.162109
vt 0.050781 0.015625
vt 0.099609 0.015625
vt 0.080078 0.162109
vt 0.115234 0.158203
vt 0.757812 0.480469
vt 0.675781 0.392578
vt 0.777344 0.388672
vt 0.658203 0.392578
vt 0.666016 0.472656
vt 0.539062 0.392578
vt 0.570312 0.466797
vt 0.523438 0.392578
vt 0.505859 0.460938
vt 0.414062 0.392578
vt 0.416016 0.458984
vt 0.392578 0.392578
vt 0.361328 0.455078
vt 0.296875 0.392578
vt 0.291016 0.453125
vt 0.275391 0.392578
vt 0.234375 0.449219
vt 0.201172 0.392578
vt 0.183594 0.445312
vt 0.181641 0.392578
vt 0.134766 0.394531
vt 0.130859 0.355469
vt 0.099609 0.396484
vt 0.095703 0.355469
vt 0.054688 0.396484
vt 0.080078 0.281250
vt 0.052734 0.281250
vt 0.361328 0.695312
vt 0.525391 0.701172
vt 0.525391 0.746094
vt 0.525391 0.746094
vt 0.349609 0.738281
vt 0.345703 0.818359
vt 0.300781 0.775391
vt 0.289062 0.816406
vt 0.183594 0.816406
vt 0.300781 0.775391
vt 0.158203 0.765625
vt 0.289062 0.730469
vt 0.173828 0.742188
vt 0.158203 0.765625
vt 0.130859 0.695312
vt 0.025391 0.802734
vt 0.070312 0.828125
vt 0.107422 0.859375
vt 0.070312 0.828125
vt 0.007812 0.988281
vt 0.611328 0.937500
vt 0.558594 0.976562
vt 0.681641 0.972656
vt 0.572266 0.714844
vt 0.646484 0.804688
vt 0.660156 0.714844
vt 0.681641 0.972656
vt 0.714844 0.941406
vt 0.798828 0.976562
vt 0.750000 0.765625
vt 0.798828 0.976562
vt 0.777344 0.722656
vt 0.830078 0.939453
vt 0.914062 0.824219
vt 0.898438 0.960938
vt 0.988281 0.988281
vt 0.876953 0.984375
vt 0.925781 0.992188
vt 0.181641 0.970703
vt 0.144531 0.992188
vt 0.269531 0.984375
vt 0.138672 0.857422
vt 0.230469 0.865234
vt 0.271484 0.828125
vt 0.269531 0.984375
vt 0.316406 0.966797
vt 0.408203 0.978516
vt 0.373047 0.876953
vt 0.408203 0.978516
vt 0.429688 0.853516
vt 0.462891 0.951172
vt 0.751953 0.367188
vt 0.751953 0.320312
vt 0.712891 0.283203
vt 0.771484 0.291016
vt 0.677734 0.160156
vt 0.785156 0.148438
vt 0.667969 0.011719
vt 0.830078 0.015625
vt 0.785156 0.148438
vt 0.925781 0.083984
vt 0.875000 0.212891
vt 0.916016 0.441406
vt 0.839844 0.318359
vt 0.839844 0.363281
vt 0.244141 0.517578
vt 0.195312 0.570312
vt 0.154297 0.533203
vt 0.150391 0.667969
vt 0.117188 0.478516
vt 0.097656 0.667969
vt 0.044922 0.437500
vt 0.046875 0.667969
vt 0.011719 0.667969
vt 0.044922 0.437500
vt 0.011719 0.394531
vt 0.373047 0.568359
vt 0.298828 0.582031
vt 0.251953 0.673828
vt 0.197266 0.671875
vt 0.195312 0.570312
vt 0.154297 0.533203
vt 0.503906 0.568359
vt 0.435547 0.599609
vt 0.369141 0.679688
vt 0.306641 0.677734
vt 0.298828 0.582031
vt 0.244141 0.517578
vt 0.843750 0.474609
vt 0.847656 0.535156
vt 0.916016 0.441406
vt 0.910156 0.722656
vt 0.931641 0.726562
vt 0.980469 0.410156
vt 0.875000 0.212891
vt 0.839844 0.318359
vt 0.820312 0.291016
vt 0.398438 0.011719
vt 0.414062 0.158203
vt 0.394531 0.158203
vt 0.523438 0.160156
vt 0.527344 0.011719
vt 0.523438 0.160156
vt 0.414062 0.158203
vt 0.394531 0.158203
vt 0.296875 0.158203
vt 0.279297 0.011719
vt 0.296875 0.158203
vt 0.189453 0.011719
vt 0.201172 0.158203
vt 0.179688 0.158203
vt 0.275391 0.158203
vt 0.275391 0.158203
vt 0.201172 0.158203
vt 0.179688 0.158203
vt 0.115234 0.158203
vt 0.675781 0.697266
vt 0.580078 0.611328
vt 0.591797 0.695312
vt 0.671875 0.580078
vt 0.775391 0.544922
vt 0.847656 0.535156
vt 0.843750 0.474609
vt 0.818359 0.388672
vt 0.525391 0.789062
vt 0.355469 0.849609
vt 0.345703 0.818359
vt 0.349609 0.738281
vt 0.181641 0.970703
vt 0.144531 0.992188
vt 0.095703 0.896484
vt 0.093750 0.966797
vt 0.091797 0.992188
vt 0.021484 0.992188
vt 0.671875 0.580078
vt 0.580078 0.611328
vt 0.509766 0.689453
vt 0.435547 0.683594
vt 0.523438 0.863281
vt 0.558594 0.976562
vt 0.462891 0.951172
vt 0.011719 0.394531
vt 0.373047 0.568359
vt 0.435547 0.599609
vt 0.503906 0.568359
vt 0.509766 0.689453
vt 0.677734 0.160156
vt 0.658203 0.160156
vt 0.541016 0.160156
vt 0.541016 0.160156
vt 0.658203 0.160156
vt 0.830078 0.939453
vt 0.898438 0.960938
vt 0.876953 0.984375
vt 0.775391 0.544922
vt 0.675781 0.697266
vt 0.755859 0.697266
vt 0.824219 0.707031
vt 0.525391 0.789062
vt 0.523438 0.837891
vt 0.117188 0.478516
vt 0.751953 0.320312
vt 0.712891 0.283203
vt 0.771484 0.291016
vt 0.435547 0.683594
vt 0.369141 0.679688
vt 0.869141 0.712891
vt 0.824219 0.707031
vt 0.755859 0.697266
vt 0.011719 0.015625
vt 0.011719 0.281250
vt 0.011719 0.281250
vt 0.611328 0.937500
vt 0.093750 0.966797
vt 0.091797 0.992188
vt 0.818359 0.388672
vt 0.839844 0.363281
vt 0.714844 0.941406
vt 0.316406 0.966797
vt 0.591797 0.695312
vt 0.820312 0.291016
vt 0.164062 0.296875
vt 0.138672 0.294922
vt 0.257812 0.296875
vt 0.216797 0.300781
vt 0.371094 0.296875
vt 0.318359 0.298828
vt 0.498047 0.298828
vt 0.449219 0.300781
vt 0.626953 0.300781
vt 0.568359 0.300781
vt 0.138672 0.255859
vt 0.164062 0.257812
vt 0.216797 0.257812
vt 0.257812 0.257812
vt 0.318359 0.261719
vt 0.371094 0.261719
vt 0.449219 0.257812
vt 0.498047 0.257812
vt 0.568359 0.259766
vt 0.628906 0.259766
vt 0.869141 0.712891
vt 0.164062 0.296875
vt 0.138672 0.294922
vt 0.257812 0.296875
vt 0.216797 0.300781
vt 0.371094 0.296875
vt 0.318359 0.298828
vt 0.498047 0.298828
vt 0.449219 0.300781
vt 0.626953 0.300781
vt 0.568359 0.300781
vt 0.138672 0.255859
vt 0.164062 0.257812
vt 0.216797 0.257812
vt 0.257812 0.257812
vt 0.318359 0.261719
vt 0.371094 0.261719
vt 0.449219 0.257812
vt 0.498047 0.257812
vt 0.568359 0.259766
vt 0.628906 0.259766
# num_vertices: 1499


g Object_0_zerg_drone_1_dark.bmp

usemtl zerg_drone_1_dark.bmp

f 1/1 2/2 3/3
f 2/2 1/1 4/4
f 5/5 4/4 1/1
f 4/4 5/5 6/6
f 7/7 6/6 5/5
f 6/6 7/7 8/8
f 9/9 8/8 7/7
f 8/8 9/9 10/10
f 11/11 10/10 9/9
f 10/10 11/11 12/12
f 13/13 12/12 11/11
f 12/12 13/13 14/14
f 15/15 14/14 13/13
f 14/14 15/15 16/16
f 17/17 16/16 15/15
f 16/16 17/17 18/18
f 19/19 18/18 17/17
f 18/18 19/19 20/20
f 21/21 20/20 19/19
f 20/20 21/21 22/22
f 23/23 22/22 21/21
f 22/22 23/23 24/24
f 25/25 24/24 23/23
f 24/24 25/25 26/26
f 27/27 26/26 25/25
f 26/26 27/27 13/13
f 28/28 13/13 27/27
f 13/13 28/28 29/29
f 30/30 29/29 28/28
f 29/29 30/30 31/31
f 32/32 31/31 30/30
f 31/31 32/32 33/33
f 34/34 33/33 32/32
f 33/33 34/34 35/35
f 36/36 35/35 34/34
f 35/35 36/36 37/37
f 38/38 37/37 36/36
f 37/37 38/38 39/39
f 40/40 39/39 38/38
f 39/39 40/40 41/41
f 42/42 41/41 40/40
f 41/41 42/42 43/43
f 44/44 43/43 42/42
f 43/43 44/44 45/45
f 46/46 45/45 44/44
f 45/45 46/46 47/47
f 48/48 47/47 46/46
f 47/47 48/48 36/36
f 38/38 36/36 48/48
f 49/49 50/50 51/51
f 50/50 49/49 52/52
f 53/53 52/52 49/49
f 52/52 53/53 54/54
f 55/55 54/54 53/53
f 54/54 55/55 56/56
f 57/57 56/56 55/55
f 56/56 57/57 58/58
f 59/59 58/58 57/57
f 58/58 59/59 60/60
f 51/51 60/60 59/59
f 60/60 51/51 61/61
f 50/50 61/61 51/51
f 61/61 50/50 62/62
f 63/63 62/62 50/50
f 62/62 63/63 64/64
f 65/65 64/64 63/63
f 64/64 65/65 66/66
f 67/67 66/66 65/65
f 66/66 67/67 68/68
f 69/69 68/68 67/67
f 68/68 69/69 70/70
f 71/71 70/70 69/69
f 70/70 71/71 72/72
f 73/73 72/72 71/71
f 72/72 73/73 74/74
f 75/75 74/74 73/73
f 74/74 75/75 76/76
f 77/77 76/76 75/75
f 76/76 77/77 78/78
f 79/79 78/78 77/77
f 78/78 79/79 80/80
f 81/81 80/80 79/79
f 80/80 81/81 82/82
f 83/83 82/82 81/81
f 82/82 83/83 84/84
f 70/70 84/84 83/83
f 84/84 70/70 85/85
f 86/86 85/85 70/70
f 85/85 86/86 87/87
f 88/88 87/87 86/86
f 87/87 88/88 89/89
f 90/90 89/89 88/88
f 89/89 90/90 91/91
f 92/92 91/91 90/90
f 91/91 92/92 93/93
f 94/94 93/93 92/92
f 93/93 94/94 95/95
f 96/96 95/95 94/94
f 97/97 98/98 99/99
f 98/98 97/97 100/100
f 101/101 100/100 97/97
f 100/100 101/101 102/102
f 103/103 102/102 101/101
f 102/102 103/103 104/104
f 105/105 104/104 103/103
f 104/104 105/105 106/106
f 107/107 106/106 105/105
f 106/106 107/107 108/108
f 109/109 108/108 107/107
f 108/108 109/109 98/98
f 110/110 98/98 109/109
f 98/98 110/110 99/99
f 111/111 99/99 110/110
f 99/99 111/111 112/112
f 113/113 112/112 111/111
f 112/112 113/113 114/114
f 115/115 114/114 113/113
f 114/114 115/115 116/116
f 117/117 116/116 115/115
f 116/116 117/117 118/118
f 119/119 118/118 117/117
f 118/118 119/119 120/120
f 121/121 120/120 119/119
f 120/120 121/121 122/122
f 123/123 122/122 121/121
f 122/122 123/123 124/124
f 125/125 124/124 123/123
f 124/124 125/125 126/126
f 127/127 126/126 125/125
f 126/126 127/127 128/128
f 129/129 128/128 127/127
f 128/128 129/129 130/130
f 131/131 130/130 129/129
f 130/130 131/131 132/132
f 133/133 132/132 131/131
f 132/132 133/133 134/134
f 135/135 134/134 133/133
f 134/134 135/135 136/136
f 137/137 136/136 135/135
f 136/136 137/137 138/138
f 139/139 138/138 137/137
f 138/138 139/139 140/140
f 141/141 142/142 143/143
f 142/142 141/141 144/144
f 145/145 144/144 141/141
f 144/144 145/145 146/146
f 147/147 146/146 145/145
f 146/146 147/147 148/148
f 149/149 148/148 147/147
f 148/148 149/149 150/150
f 151/151 150/150 149/149
f 150/150 151/151 152/152
f 153/153 152/152 151/151
f 152/152 153/153 142/142
f 154/154 142/142 153/153
f 142/142 154/154 143/143
f 155/155 143/143 154/154
f 143/143 155/155 156/156
f 122/122 156/156 155/155
f 156/156 122/122 157/157
f 158/158 157/157 122/122
f 157/157 158/158 159/159
f 124/124 159/159 158/158
f 159/159 124/124 160/160
f 128/128 160/160 124/124
f 160/160 128/128 161/161
f 130/130 161/161 128/128
f 161/161 130/130 162/162
f 163/163 162/162 130/130
f 162/162 163/163 164/164
f 132/132 164/164 163/163
f 164/164 132/132 165/165
f 136/136 165/165 132/132
f 165/165 136/136 166/166
f 167/167 166/166 136/136
f 166/166 167/167 168/168
f 169/169 168/168 167/167
f 168/168 169/169 170/170
f 171/171 170/170 169/169
f 170/170 171/171 172/172
f 173/173 172/172 171/171
f 172/172 173/173 174/174
f 175/175 174/174 173/173
f 174/174 175/175 176/176
f 177/177 176/176 175/175
f 176/176 177/177 178/178
f 179/179 180/180 181/181
f 180/180 179/179 182/182
f 183/183 182/182 179/179
f 182/182 183/183 184/184
f 185/185 184/184 183/183
f 184/184 185/185 186/186
f 187/187 186/186 185/185
f 186/186 187/187 188/188
f 189/189 188/188 187/187
f 188/188 189/189 190/190
f 191/191 190/190 189/189
f 190/190 191/191 180/180
f 192/192 180/180 191/191
f 180/180 192/192 181/181
f 193/193 181/181 192/192
f 181/181 193/193 194/194
f 195/195 194/194 193/193
f 194/194 195/195 196/196
f 197/197 196/196 195/195
f 196/196 197/197 198/198
f 199/199 198/198 197/197
f 198/198 199/199 200/200
f 201/201 200/200 199/199
f 200/200 201/201 202/202
f 203/203 202/202 201/201
f 202/202 203/203 204/204
f 205/205 204/204 203/203
f 204/204 205/205 206/206
f 207/207 206/206 205/205
f 206/206 207/207 208/208
f 209/209 208/208 207/207
f 208/208 209/209 210/210
f 211/211 210/210 209/209
f 210/210 211/211 212/212
f 213/213 212/212 211/211
f 212/212 213/213 214/214
f 215/215 214/214 213/213
f 214/214 215/215 216/216
f 217/217 216/216 215/215
f 216/216 217/217 218/218
f 219/219 218/218 217/217
f 218/218 219/219 220/220
f 221/221 220/220 219/219
f 220/220 221/221 222/222
f 223/223 224/224 225/225
f 224/224 223/223 226/226
f 227/227 226/226 223/223
f 226/226 227/227 228/228
f 229/229 228/228 227/227
f 228/228 229/229 230/230
f 231/231 230/230 229/229
f 230/230 231/231 232/232
f 233/233 232/232 231/231
f 232/232 233/233 234/234
f 235/235 234/234 233/233
f 234/234 235/235 224/224
f 236/236 224/224 235/235
f 224/224 236/236 225/225
f 237/237 225/225 236/236
f 225/225 237/237 238/238
f 204/204 238/238 237/237
f 238/238 204/204 239/239
f 240/240 239/239 204/204
f 239/239 240/240 241/241
f 206/206 241/241 240/240
f 241/241 206/206 242/242
f 210/210 242/242 206/206
f 242/242 210/210 243/243
f 212/212 243/243 210/210
f 243/243 212/212 244/244
f 245/245 244/244 212/212
f 244/244 245/245 246/246
f 214/214 246/246 245/245
f 246/246 214/214 247/247
f 218/218 247/247 214/214
f 247/247 218/218 248/248
f 249/249 248/248 218/218
f 248/248 249/249 250/250
f 251/251 250/250 249/249
f 250/250 251/251 252/252
f 253/253 252/252 251/251
f 252/252 253/253 254/254
f 255/255 254/254 253/253
f 254/254 255/255 256/256
f 257/257 256/256 255/255
f 256/256 257/257 258/258
f 259/259 258/258 257/257
f 258/258 259/259 260/260
f 261/261 262/262 263/263
f 262/262 261/261 264/264
f 265/265 264/264 261/261
f 264/264 265/265 266/266
f 267/267 266/266 265/265
f 266/266 267/267 268/268
f 269/269 268/268 267/267
f 268/268 269/269 270/270
f 271/271 270/270 269/269
f 270/270 271/271 272/272
f 273/273 272/272 271/271
f 272/272 273/273 262/262
f 274/274 262/262 273/273
f 262/262 274/274 263/263
f 275/275 263/263 274/274
f 263/263 275/275 276/276
f 162/162 276/276 275/275
f 276/276 162/162 277/277
f 278/278 277/277 162/162
f 277/277 278/278 279/279
f 164/164 279/279 278/278
f 279/279 164/164 280/280
f 166/166 280/280 164/164
f 280/280 166/166 281/281
f 168/168 281/281 166/166
f 281/281 168/168 282/282
f 283/283 282/282 168/168
f 282/282 283/283 284/284
f 170/170 284/284 283/283
f 284/284 170/170 285/285
f 174/174 285/285 170/170
f 285/285 174/174 286/286
f 287/287 286/286 174/174
f 286/286 287/287 288/288
f 289/289 288/288 287/287
f 288/288 289/289 290/290
f 291/291 290/290 289/289
f 290/290 291/291 292/292
f 293/293 292/292 291/291
f 292/292 293/293 294/294
f 295/295 294/294 293/293
f 294/294 295/295 296/296
f 297/297 298/298 299/299
f 298/298 297/297 300/300
f 301/301 300/300 297/297
f 300/300 301/301 302/302
f 303/303 302/302 301/301
f 302/302 303/303 304/304
f 305/305 304/304 303/303
f 304/304 305/305 306/306
f 307/307 306/306 305/305
f 306/306 307/307 308/308
f 309/309 308/308 307/307
f 308/308 309/309 298/298
f 310/310 298/298 309/309
f 298/298 310/310 299/299
f 311/311 299/299 310/310
f 299/299 311/311 312/312
f 244/244 312/312 311/311
f 312/312 244/244 313/313
f 314/314 313/313 244/244
f 313/313 314/314 315/315
f 246/246 315/315 314/314
f 315/315 246/246 316/316
f 248/248 316/316 246/246
f 316/316 248/248 317/317
f 250/250 317/317 248/248
f 317/317 250/250 318/318
f 319/319 318/318 250/250
f 318/318 319/319 320/320
f 252/252 320/320 319/319
f 320/320 252/252 321/321
f 256/256 321/321 252/252
f 321/321 256/256 322/322
f 323/323 322/322 256/256
f 322/322 323/323 324/324
f 325/325 324/324 323/323
f 324/324 325/325 326/326
f 327/327 326/326 325/325
f 326/326 327/327 328/328
f 329/329 328/328 327/327
f 328/328 329/329 330/330
f 331/331 330/330 329/329
f 330/330 331/331 332/332
f 333/333 334/334 335/335
f 334/334 333/333 336/336
f 337/337 336/336 333/333
f 336/336 337/337 338/338
f 339/339 338/338 337/337
f 338/338 339/339 340/340
f 341/341 340/340 339/339
f 340/340 341/341 342/342
f 343/343 342/342 341/341
f 342/342 343/343 344/344
f 345/345 344/344 343/343
f 344/344 345/345 334/334
f 346/346 334/334 345/345
f 334/334 346/346 335/335
f 347/347 335/335 346/346
f 335/335 347/347 333/333
f 348/348 333/333 347/347
f 333/333 348/348 349/349
f 350/350 349/349 348/348
f 349/349 350/350 351/351
f 352/352 351/351 350/350
f 351/351 352/352 353/353
f 354/354 353/353 352/352
f 353/353 354/354 355/355
f 356/356 355/355 354/354
f 355/355 356/356 357/357
f 358/358 357/357 356/356
f 357/357 358/358 359/359
f 360/360 359/359 358/358
f 359/359 360/360 361/361
f 362/362 361/361 360/360
f 361/361 362/362 363/363
f 364/364 363/363 362/362
f 363/363 364/364 365/365
f 366/366 367/367 368/368
f 367/367 366/366 369/369
f 370/370 369/369 366/366
f 369/369 370/370 371/371
f 372/372 371/371 370/370
f 371/371 372/372 373/373
f 374/374 373/373 372/372
f 373/373 374/374 375/375
f 376/376 375/375 374/374
f 375/375 376/376 377/377
f 378/378 377/377 376/376
f 377/377 378/378 379/379
f 380/380 379/379 378/378
f 379/379 380/380 381/381
f 382/382 381/381 380/380
f 381/381 382/382 383/383
f 384/384 383/383 382/382
f 383/383 384/384 385/385
f 386/386 385/385 384/384
f 385/385 386/386 387/387
f 388/388 387/387 386/386
f 387/387 388/388 389/389
f 390/390 389/389 388/388
f 389/389 390/390 391/391
f 392/392 391/391 390/390
f 391/391 392/392 393/393
f 394/394 393/393 392/392
f 393/393 394/394 395/395
f 396/396 395/395 394/394
f 395/395 396/396 397/397
f 398/398 397/397 396/396
f 397/397 398/398 384/384
f 388/388 384/384 398/398
f 384/384 388/388 386/386
f 399/399 103/103 101/101
f 103/103 399/399 107/107
f 400/400 107/107 399/399
f 107/107 400/400 401/401
f 402/402 401/401 400/400
f 401/401 402/402 109/109
f 403/403 109/109 402/402
f 109/109 403/403 111/111
f 404/404 111/111 403/403
f 111/111 404/404 405/405
f 406/406 405/405 404/404
f 405/405 406/406 113/113
f 407/407 113/113 406/406
f 113/113 407/407 117/117
f 408/408 117/117 407/407
f 117/117 408/408 409/409
f 410/410 409/409 408/408
f 409/409 410/410 119/119
f 411/411 119/119 410/410
f 119/119 411/411 121/121
f 412/412 121/121 411/411
f 121/121 412/412 125/125
f 413/413 125/125 412/412
f 125/125 413/413 414/414
f 415/415 414/414 413/413
f 414/414 415/415 127/127
f 416/416 127/127 415/415
f 127/127 416/416 417/417
f 418/418 417/417 416/416
f 417/417 418/418 419/419
f 420/420 421/421 422/422
f 421/421 420/420 423/423
f 424/424 423/423 420/420
f 423/423 424/424 425/425
f 426/426 425/425 424/424
f 425/425 426/426 427/427
f 428/428 427/427 426/426
f 427/427 428/428 429/429
f 430/430 429/429 428/428
f 429/429 430/430 431/431
f 432/432 431/431 430/430
f 431/431 432/432 421/421
f 433/433 421/421 432/432
f 421/421 433/433 422/422
f 288/288 422/422 433/433
f 422/422 288/288 420/420
f 434/434 420/420 288/288
f 420/420 434/434 435/435
f 290/290 435/435 434/434
f 435/435 290/290 436/436
f 294/294 436/436 290/290
f 436/436 294/294 437/437
f 438/438 437/437 294/294
f 437/437 438/438 439/439
f 440/440 439/439 438/438
f 439/439 440/440 441/441
f 442/442 441/441 440/440
f 441/441 442/442 443/443
f 444/444 443/443 442/442
f 443/443 444/444 445/445
f 446/446 185/185 183/183
f 185/185 446/446 189/189
f 447/447 189/189 446/446
f 189/189 447/447 448/448
f 449/449 448/448 447/447
f 448/448 449/449 191/191
f 450/450 191/191 449/449
f 191/191 450/450 193/193
f 451/451 193/193 450/450
f 193/193 451/451 452/452
f 453/453 452/452 451/451
f 452/452 453/453 195/195
f 454/454 195/195 453/453
f 195/195 454/454 199/199
f 455/455 199/199 454/454
f 199/199 455/455 456/456
f 457/457 456/456 455/455
f 456/456 457/457 201/201
f 458/458 201/201 457/457
f 201/201 458/458 203/203
f 459/459 203/203 458/458
f 203/203 459/459 207/207
f 460/460 207/207 459/459
f 207/207 460/460 461/461
f 462/462 461/461 460/460
f 461/461 462/462 209/209
f 463/463 209/209 462/462
f 209/209 463/463 464/464
f 465/465 464/464 463/463
f 464/464 465/465 466/466
f 467/467 468/468 469/469
f 468/468 467/467 470/470
f 471/471 470/470 467/467
f 470/470 471/471 472/472
f 473/473 472/472 471/471
f 472/472 473/473 474/474
f 475/475 474/474 473/473
f 474/474 475/475 476/476
f 477/477 476/476 475/475
f 476/476 477/477 478/478
f 479/479 478/478 477/477
f 478/478 479/479 468/468
f 480/480 468/468 479/479
f 468/468 480/480 469/469
f 324/324 469/469 480/480
f 469/469 324/324 467/467
f 481/481 467/467 324/324
f 467/467 481/481 482/482
f 326/326 482/482 481/481
f 482/482 326/326 483/483
f 330/330 483/483 326/326
f 483/483 330/330 484/484
f 485/485 484/484 330/330
f 484/484 485/485 486/486
f 487/487 486/486 485/485
f 486/486 487/487 488/488
f 489/489 488/488 487/487
f 488/488 489/489 490/490
f 491/491 490/490 489/489
f 490/490 491/491 492/492
f 99/99 101/101 97/97
f 101/101 99/99 493/493
f 114/114 493/493 99/99
f 493/493 114/114 400/400
f 494/494 400/400 114/114
f 400/400 494/494 402/402
f 495/495 402/402 494/494
f 402/402 495/495 496/496
f 497/497 496/496 495/495
f 496/496 497/497 404/404
f 498/498 404/404 497/497
f 404/404 498/498 406/406
f 499/499 406/406 498/498
f 406/406 499/499 500/500
f 501/501 500/500 499/499
f 500/500 501/501 408/408
f 502/502 408/408 501/501
f 408/408 502/502 410/410
f 503/503 410/410 502/502
f 410/410 503/503 504/504
f 505/505 504/504 503/503
f 504/504 505/505 506/506
f 507/507 506/506 505/505
f 506/506 507/507 508/508
f 509/509 508/508 507/507
f 508/508 509/509 415/415
f 510/510 415/415 509/509
f 415/415 510/510 418/418
f 511/511 512/512 513/513
f 512/512 511/511 514/514
f 515/515 514/514 511/511
f 514/514 515/515 516/516
f 517/517 516/516 515/515
f 516/516 517/517 512/512
f 518/518 512/512 517/517
f 512/512 518/518 513/513
f 519/519 513/513 518/518
f 513/513 519/519 520/520
f 521/521 520/520 519/519
f 520/520 521/521 522/522
f 523/523 522/522 521/521
f 522/522 523/523 524/524
f 525/525 524/524 523/523
f 524/524 525/525 526/526
f 527/527 526/526 525/525
f 526/526 527/527 528/528
f 529/529 528/528 527/527
f 528/528 529/529 517/517
f 530/530 517/517 529/529
f 517/517 530/530 531/531
f 532/532 531/531 530/530
f 531/531 532/532 533/533
f 534/534 533/533 532/532
f 533/533 534/534 535/535
f 530/530 535/535 534/534
f 535/535 530/530 529/529
f 181/181 183/183 179/179
f 183/183 181/181 536/536
f 196/196 536/536 181/181
f 536/536 196/196 447/447
f 537/537 447/447 196/196
f 447/447 537/537 449/449
f 538/538 449/449 537/537
f 449/449 538/538 539/539
f 540/540 539/539 538/538
f 539/539 540/540 451/451
f 541/541 451/451 540/540
f 451/451 541/541 453/453
f 542/542 453/453 541/541
f 453/453 542/542 543/543
f 544/544 543/543 542/542
f 543/543 544/544 455/455
f 545/545 455/455 544/544
f 455/455 545/545 457/457
f 546/546 457/457 545/545
f 457/457 546/546 547/547
f 548/548 547/547 546/546
f 547/547 548/548 549/549
f 550/550 549/549 548/548
f 549/549 550/550 551/551
f 552/552 551/551 550/550
f 551/551 552/552 462/462
f 553/553 462/462 552/552
f 462/462 553/553 465/465
f 554/554 555/555 556/556
f 555/555 554/554 557/557
f 558/558 557/557 554/554
f 557/557 558/558 559/559
f 560/560 559/559 558/558
f 559/559 560/560 561/561
f 562/562 561/561 560/560
f 561/561 562/562 563/563
f 564/564 563/563 562/562
f 563/563 564/564 565/565
f 566/566 565/565 564/564
f 565/565 566/566 567/567
f 568/568 567/567 566/566
f 567/567 568/568 569/569
f 570/570 569/569 568/568
f 569/569 570/570 571/571
f 572/572 571/571 570/570
f 571/571 572/572 573/573
f 574/574 573/573 572/572
f 573/573 574/574 555/555
f 575/575 555/555 574/574
f 555/555 575/575 556/556
f 576/576 556/556 575/575
f 556/556 576/576 560/560
f 577/577 560/560 576/576
f 560/560 577/577 562/562
f 564/564 562/562 577/577
f 578/578 579/579 580/580
f 579/579 578/578 581/581
f 582/582 581/581 578/578
f 581/581 582/582 583/583
f 584/584 583/583 582/582
f 583/583 584/584 585/585
f 586/586 585/585 584/584
f 585/585 586/586 587/587
f 588/588 587/587 586/586
f 587/587 588/588 589/589
f 590/590 589/589 588/588
f 589/589 590/590 591/591
f 592/592 591/591 590/590
f 591/591 592/592 593/593
f 594/594 593/593 592/592
f 593/593 594/594 595/595
f 580/580 595/595 594/594
f 595/595 580/580 596/596
f 579/579 596/596 580/580
f 596/596 579/579 597/597
f 581/581 597/597 579/579
f 597/597 581/581 598/598
f 599/599 598/598 581/581
f 598/598 599/599 600/600
f 601/601 600/600 599/599
f 600/600 601/601 585/585
f 583/583 585/585 601/601
f 602/602 603/603 604/604
f 603/603 602/602 605/605
f 606/606 605/605 602/602
f 605/605 606/606 607/607
f 608/608 607/607 606/606
f 607/607 608/608 609/609
f 610/610 609/609 608/608
f 609/609 610/610 611/611
f 612/612 611/611 610/610
f 611/611 612/612 613/613
f 614/614 613/613 612/612
f 613/613 614/614 603/603
f 615/615 603/603 614/614
f 603/603 615/615 604/604
f 616/616 604/604 615/615
f 604/604 616/616 602/602
f 617/617 602/602 616/616
f 602/602 617/617 618/618
f 441/441 618/618 617/617
f 618/618 441/441 619/619
f 443/443 619/619 441/441
f 619/619 443/443 620/620
f 621/621 620/620 443/443
f 620/620 621/621 622/622
f 623/623 622/622 621/621
f 622/622 623/623 624/624
f 625/625 626/626 627/627
f 626/626 625/625 628/628
f 629/629 628/628 625/625
f 628/628 629/629 630/630
f 631/631 630/630 629/629
f 630/630 631/631 632/632
f 633/633 632/632 631/631
f 632/632 633/633 634/634
f 635/635 634/634 633/633
f 634/634 635/635 636/636
f 637/637 636/636 635/635
f 636/636 637/637 638/638
f 639/639 638/638 637/637
f 638/638 639/639 640/640
f 641/641 640/640 639/639
f 640/640 641/641 642/642
f 643/643 642/642 641/641
f 642/642 643/643 644/644
f 645/645 644/644 643/643
f 644/644 645/645 646/646
f 647/647 646/646 645/645
f 646/646 647/647 648/648
f 649/649 648/648 647/647
f 648/648 649/649 635/635
f 639/639 635/635 649/649
f 635/635 639/639 637/637
f 503/503 650/650 505/505
f 650/650 503/503 651/651
f 652/652 651/651 503/503
f 651/651 652/652 653/653
f 501/501 653/653 652/652
f 653/653 501/501 654/654
f 499/499 654/654 501/501
f 654/654 499/499 655/655
f 656/656 655/655 499/499
f 655/655 656/656 657/657
f 497/497 657/657 656/656
f 657/657 497/497 658/658
f 495/495 658/658 497/497
f 658/658 495/495 659/659
f 155/155 659/659 495/495
f 659/659 155/155 660/660
f 661/661 660/660 155/155
f 660/660 661/661 662/662
f 153/153 662/662 661/661
f 662/662 153/153 663/663
f 151/151 663/663 153/153
f 663/663 151/151 664/664
f 665/665 664/664 151/151
f 664/664 665/665 145/145
f 147/147 145/145 665/665
f 546/546 666/666 548/548
f 666/666 546/546 667/667
f 668/668 667/667 546/546
f 667/667 668/668 669/669
f 544/544 669/669 668/668
f 669/669 544/544 670/670
f 542/542 670/670 544/544
f 670/670 542/542 671/671
f 672/672 671/671 542/542
f 671/671 672/672 673/673
f 540/540 673/673 672/672
f 673/673 540/540 674/674
f 538/538 674/674 540/540
f 674/674 538/538 675/675
f 237/237 675/675 538/538
f 675/675 237/237 676/676
f 677/677 676/676 237/237
f 676/676 677/677 678/678
f 235/235 678/678 677/677
f 678/678 235/235 679/679
f 233/233 679/679 235/235
f 679/679 233/233 680/680
f 681/681 680/680 233/233
f 680/680 681/681 227/227
f 229/229 227/227 681/681
f 682/682 683/683 684/684
f 683/683 682/682 685/685
f 686/686 685/685 682/682
f 685/685 686/686 687/687
f 688/688 687/687 686/686
f 687/687 688/688 689/689
f 690/690 689/689 688/688
f 689/689 690/690 691/691
f 692/692 691/691 690/690
f 691/691 692/692 693/693
f 694/694 693/693 692/692
f 693/693 694/694 695/695
f 696/696 695/695 694/694
f 695/695 696/696 697/697
f 698/698 697/697 696/696
f 697/697 698/698 687/687
f 699/699 687/687 698/698
f 687/687 699/699 685/685
f 700/700 685/685 699/699
f 685/685 700/700 683/683
f 21/21 683/683 700/700
f 683/683 21/21 684/684
f 19/19 684/684 21/21
f 684/684 19/19 17/17
f 701/701 702/702 703/703
f 702/702 701/701 704/704
f 705/705 704/704 701/701
f 704/704 705/705 706/706
f 707/707 706/706 705/705
f 706/706 707/707 708/708
f 709/709 708/708 707/707
f 708/708 709/709 710/710
f 711/711 710/710 709/709
f 710/710 711/711 712/712
f 713/713 712/712 711/711
f 712/712 713/713 714/714
f 275/275 714/714 713/713
f 714/714 275/275 715/715
f 716/716 715/715 275/275
f 715/715 716/716 717/717
f 273/273 717/717 716/716
f 717/717 273/273 718/718
f 271/271 718/718 273/273
f 718/718 271/271 719/719
f 720/720 719/719 271/271
f 719/719 720/720 265/265
f 267/267 265/265 720/720
f 721/721 722/722 723/723
f 722/722 721/721 724/724
f 725/725 724/724 721/721
f 724/724 725/725 726/726
f 727/727 726/726 725/725
f 726/726 727/727 728/728
f 729/729 728/728 727/727
f 728/728 729/729 730/730
f 731/731 730/730 729/729
f 730/730 731/731 732/732
f 733/733 732/732 731/731
f 732/732 733/733 734/734
f 735/735 734/734 733/733
f 734/734 735/735 736/736
f 725/725 736/736 735/735
f 736/736 725/725 737/737
f 721/721 737/737 725/725
f 737/737 721/721 738/738
f 723/723 738/738 721/721
f 738/738 723/723 77/77
f 739/739 77/77 723/723
f 77/77 739/739 79/79
f 81/81 79/79 739/739
f 740/740 741/741 742/742
f 741/741 740/740 743/743
f 744/744 743/743 740/740
f 743/743 744/744 745/745
f 746/746 745/745 744/744
f 745/745 746/746 747/747
f 748/748 747/747 746/746
f 747/747 748/748 749/749
f 750/750 749/749 748/748
f 749/749 750/750 751/751
f 752/752 751/751 750/750
f 751/751 752/752 753/753
f 311/311 753/753 752/752
f 753/753 311/311 754/754
f 755/755 754/754 311/311
f 754/754 755/755 756/756
f 309/309 756/756 755/755
f 756/756 309/309 757/757
f 307/307 757/757 309/309
f 757/757 307/307 758/758
f 759/759 758/758 307/307
f 758/758 759/759 301/301
f 303/303 301/301 759/759
f 143/143 145/145 141/141
f 145/145 143/143 760/760
f 157/157 760/760 143/143
f 760/760 157/157 664/664
f 761/761 664/664 157/157
f 664/664 761/761 662/662
f 713/713 662/662 761/761
f 662/662 713/713 762/762
f 711/711 762/762 713/713
f 762/762 711/711 660/660
f 763/763 660/660 711/711
f 660/660 763/763 764/764
f 707/707 764/764 763/763
f 764/764 707/707 765/765
f 705/705 765/765 707/707
f 765/765 705/705 766/766
f 767/767 766/766 705/705
f 766/766 767/767 655/655
f 768/768 655/655 767/767
f 655/655 768/768 653/653
f 769/769 653/653 768/768
f 653/653 769/769 770/770
f 263/263 265/265 261/261
f 265/265 263/263 771/771
f 277/277 771/771 263/263
f 771/771 277/277 719/719
f 772/772 719/719 277/277
f 719/719 772/772 717/717
f 773/773 717/717 772/772
f 717/717 773/773 774/774
f 775/775 774/774 773/773
f 774/774 775/775 715/715
f 776/776 715/715 775/775
f 715/715 776/776 777/777
f 778/778 777/777 776/776
f 777/777 778/778 779/779
f 780/780 779/779 778/778
f 779/779 780/780 781/781
f 782/782 781/781 780/780
f 781/781 782/782 708/708
f 783/783 708/708 782/782
f 708/708 783/783 704/704
f 784/784 704/704 783/783
f 704/704 784/784 785/785
f 669/669 786/786 787/787
f 786/786 669/669 788/788
f 671/671 788/788 669/669
f 788/788 671/671 789/789
f 790/790 789/789 671/671
f 789/789 790/790 744/744
f 791/791 744/744 790/790
f 744/744 791/791 746/746
f 792/792 746/746 791/791
f 746/746 792/792 793/793
f 676/676 793/793 792/792
f 793/793 676/676 750/750
f 794/794 750/750 676/676
f 750/750 794/794 752/752
f 678/678 752/752 794/794
f 752/752 678/678 795/795
f 680/680 795/795 678/678
f 795/795 680/680 239/239
f 796/796 239/239 680/680
f 239/239 796/796 225/225
f 227/227 225/225 796/796
f 225/225 227/227 223/223
f 743/743 797/797 798/798
f 797/797 743/743 799/799
f 747/747 799/799 743/743
f 799/799 747/747 800/800
f 801/801 800/800 747/747
f 800/800 801/801 802/802
f 803/803 802/802 801/801
f 802/802 803/803 804/804
f 805/805 804/804 803/803
f 804/804 805/805 806/806
f 754/754 806/806 805/805
f 806/806 754/754 807/807
f 808/808 807/807 754/754
f 807/807 808/808 809/809
f 756/756 809/809 808/808
f 809/809 756/756 810/810
f 758/758 810/810 756/756
f 810/810 758/758 313/313
f 811/811 313/313 758/758
f 313/313 811/811 299/299
f 301/301 299/299 811/811
f 299/299 301/301 297/297
f 812/812 564/564 577/577
f 564/564 812/812 566/566
f 813/813 566/566 812/812
f 566/566 813/813 814/814
f 815/815 814/814 813/813
f 814/814 815/815 816/816
f 817/817 816/816 815/815
f 816/816 817/817 818/818
f 819/819 818/818 817/817
f 818/818 819/819 820/820
f 821/821 820/820 819/819
f 820/820 821/821 822/822
f 823/823 822/822 821/821
f 822/822 823/823 824/824
f 825/825 824/824 823/823
f 824/824 825/825 826/826
f 827/827 826/826 825/825
f 826/826 827/827 828/828
f 829/829 828/828 827/827
f 828/828 829/829 830/830
f 831/831 830/830 829/829
f 700/700 23/23 21/21
f 23/23 700/700 25/25
f 832/832 25/25 700/700
f 25/25 832/832 833/833
f 834/834 833/833 832/832
f 833/833 834/834 835/835
f 836/836 835/835 834/834
f 835/835 836/836 837/837
f 690/690 837/837 836/836
f 837/837 690/690 838/838
f 688/688 838/838 690/690
f 838/838 688/688 839/839
f 686/686 839/839 688/688
f 839/839 686/686 840/840
f 682/682 840/840 686/686
f 840/840 682/682 841/841
f 842/842 841/841 682/682
f 841/841 842/842 29/29
f 17/17 29/29 842/842
f 29/29 17/17 15/15
f 843/843 337/337 333/333
f 337/337 843/843 844/844
f 349/349 844/844 843/843
f 844/844 349/349 845/845
f 353/353 845/845 349/349
f 845/845 353/353 846/846
f 847/847 846/846 353/353
f 846/846 847/847 773/773
f 848/848 773/773 847/847
f 773/773 848/848 775/775
f 849/849 775/775 848/848
f 775/775 849/849 850/850
f 361/361 850/850 849/849
f 850/850 361/361 778/778
f 851/851 778/778 361/361
f 778/778 851/851 780/780
f 363/363 780/780 851/851
f 780/780 363/363 852/852
f 853/853 852/852 363/363
f 852/852 853/853 854/854
f 855/855 397/397 384/384
f 397/397 855/855 856/856
f 382/382 856/856 855/855
f 856/856 382/382 857/857
f 378/378 857/857 382/382
f 857/857 378/378 858/858
f 859/859 858/858 378/378
f 858/858 859/859 809/809
f 860/860 809/809 859/859
f 809/809 860/860 807/807
f 861/861 807/807 860/860
f 807/807 861/861 862/862
f 370/370 862/862 861/861
f 862/862 370/370 804/804
f 863/863 804/804 370/370
f 804/804 863/863 802/802
f 366/366 802/802 863/863
f 802/802 366/366 864/864
f 865/865 864/864 366/366
f 864/864 865/865 866/866
f 73/73 738/738 75/75
f 738/738 73/73 867/867
f 868/868 867/867 73/73
f 867/867 868/868 869/869
f 870/870 869/869 868/868
f 869/869 870/870 871/871
f 872/872 871/871 870/870
f 871/871 872/872 728/728
f 873/873 728/728 872/872
f 728/728 873/873 726/726
f 874/874 726/726 873/873
f 726/726 874/874 724/724
f 875/875 724/724 874/874
f 724/724 875/875 722/722
f 876/876 722/722 875/875
f 722/722 876/876 877/877
f 68/68 877/877 876/876
f 877/877 68/68 81/81
f 83/83 81/81 68/68
f 878/878 282/282 284/284
f 282/282 878/878 347/347
f 879/879 347/347 878/878
f 347/347 879/879 348/348
f 288/288 348/348 879/879
f 348/348 288/288 350/350
f 880/880 350/350 288/288
f 350/350 880/880 352/352
f 881/881 352/352 880/880
f 352/352 881/881 882/882
f 883/883 882/882 881/881
f 882/882 883/883 356/356
f 884/884 356/356 883/883
f 356/356 884/884 358/358
f 885/885 358/358 884/884
f 358/358 885/885 886/886
f 887/887 886/886 885/885
f 886/886 887/887 888/888
f 424/424 428/428 426/426
f 428/428 424/424 889/889
f 890/890 889/889 424/424
f 889/889 890/890 430/430
f 891/891 430/430 890/890
f 430/430 891/891 433/433
f 892/892 433/433 891/891
f 433/433 892/892 893/893
f 894/894 893/893 892/892
f 893/893 894/894 288/288
f 895/895 288/288 894/894
f 288/288 895/895 896/896
f 897/897 896/896 895/895
f 896/896 897/897 883/883
f 898/898 883/883 897/897
f 883/883 898/898 885/885
f 899/899 885/885 898/898
f 885/885 899/899 900/900
f 901/901 902/902 903/903
f 902/902 901/901 904/904
f 905/905 904/904 901/901
f 904/904 905/905 906/906
f 907/907 906/906 905/905
f 906/906 907/907 908/908
f 909/909 908/908 907/907
f 908/908 909/909 910/910
f 911/911 910/910 909/909
f 910/910 911/911 912/912
f 913/913 912/912 911/911
f 912/912 913/913 914/914
f 915/915 914/914 913/913
f 914/914 915/915 916/916
f 917/917 916/916 915/915
f 916/916 917/917 918/918
f 913/913 918/918 917/917
f 918/918 913/913 911/911
f 919/919 920/920 921/921
f 920/920 919/919 922/922
f 923/923 922/922 919/919
f 922/922 923/923 924/924
f 925/925 924/924 923/923
f 924/924 925/925 926/926
f 324/324 926/926 925/925
f 926/926 324/324 927/927
f 928/928 927/927 324/324
f 927/927 928/928 929/929
f 480/480 929/929 928/928
f 929/929 480/480 930/930
f 477/477 930/930 480/480
f 930/930 477/477 931/931
f 932/932 931/931 477/477
f 931/931 932/932 471/471
f 475/475 471/471 932/932
f 471/471 475/475 473/473
f 933/933 934/934 935/935
f 934/934 933/933 919/919
f 373/373 919/919 933/933
f 919/919 373/373 936/936
f 375/375 936/936 373/373
f 936/936 375/375 923/923
f 937/937 923/923 375/375
f 923/923 937/937 938/938
f 379/379 938/938 937/937
f 938/938 379/379 939/939
f 381/381 939/939 379/379
f 939/939 381/381 324/324
f 383/383 324/324 381/381
f 324/324 383/383 940/940
f 385/385 940/940 383/383
f 940/940 385/385 941/941
f 318/318 941/941 385/385
f 941/941 318/318 320/320
f 630/630 942/942 628/628
f 942/942 630/630 943/943
f 944/944 943/943 630/630
f 943/943 944/944 945/945
f 632/632 945/945 944/944
f 945/945 632/632 946/946
f 636/636 946/946 632/632
f 946/946 636/636 947/947
f 948/948 947/947 636/636
f 947/947 948/948 949/949
f 638/638 949/949 948/948
f 949/949 638/638 950/950
f 642/642 950/950 638/638
f 950/950 642/642 951/951
f 952/952 951/951 642/642
f 951/951 952/952 648/648
f 644/644 648/648 952/952
f 648/648 644/644 646/646
f 953/953 954/954 955/955
f 954/954 953/953 956/956
f 957/957 956/956 953/953
f 956/956 957/957 958/958
f 959/959 958/958 957/957
f 958/958 959/959 960/960
f 616/616 960/960 959/959
f 960/960 616/616 961/961
f 615/615 961/961 616/616
f 961/961 615/615 962/962
f 963/963 962/962 615/615
f 962/962 963/963 964/964
f 612/612 964/964 963/963
f 964/964 612/612 965/965
f 610/610 965/965 612/612
f 965/965 610/610 606/606
f 608/608 606/606 610/610
f 966/966 967/967 968/968
f 967/967 966/966 969/969
f 970/970 969/969 966/966
f 969/969 970/970 1/1
f 971/971 1/1 970/970
f 1/1 971/971 972/972
f 973/973 972/972 971/971
f 972/972 973/973 5/5
f 974/974 5/5 973/973
f 5/5 974/974 9/9
f 975/975 9/9 974/974
f 9/9 975/975 976/976
f 24/24 976/976 975/975
f 976/976 24/24 11/11
f 26/26 11/11 24/24
f 11/11 26/26 13/13
f 977/977 978/978 979/979
f 978/978 977/977 980/980
f 94/94 980/980 977/977
f 980/980 94/94 981/981
f 982/982 981/981 94/94
f 981/981 982/982 983/983
f 92/92 983/983 982/982
f 983/983 92/92 984/984
f 88/88 984/984 92/92
f 984/984 88/88 985/985
f 986/986 985/985 88/88
f 985/985 986/986 74/74
f 86/86 74/74 986/986
f 74/74 86/86 72/72
f 70/70 72/72 86/86
f 987/987 988/988 989/989
f 988/988 987/987 990/990
f 991/991 990/990 987/987
f 990/990 991/991 992/992
f 993/993 992/992 991/991
f 992/992 993/993 994/994
f 995/995 994/994 993/993
f 994/994 995/995 996/996
f 997/997 996/996 995/995
f 996/996 997/997 998/998
f 999/999 998/998 997/997
f 998/998 999/999 1000/1000
f 1001/1001 1000/1000 999/999
f 1000/1000 1001/1001 1002/1002
f 1003/1003 1002/1002 1001/1001
f 1004/1004 1005/1005 1006/1006
f 1005/1005 1004/1004 1007/1007
f 1008/1008 1007/1007 1004/1004
f 1007/1007 1008/1008 1009/1009
f 1010/1010 1009/1009 1008/1008
f 1009/1009 1010/1010 1011/1011
f 1012/1012 1011/1011 1010/1010
f 1011/1011 1012/1012 1013/1013
f 1014/1014 1013/1013 1012/1012
f 1013/1013 1014/1014 1015/1015
f 1016/1016 1015/1015 1014/1014
f 1015/1015 1016/1016 1017/1017
f 1018/1018 1017/1017 1016/1016
f 1017/1017 1018/1018 1019/1019
f 1020/1020 1019/1019 1018/1018
f 975/975 20/20 22/22
f 20/20 975/975 1021/1021
f 973/973 1021/1021 975/975
f 1021/1021 973/973 1022/1022
f 971/971 1022/1022 973/973
f 1022/1022 971/971 1023/1023
f 1024/1024 1023/1023 971/971
f 1023/1023 1024/1024 1025/1025
f 966/966 1025/1025 1024/1024
f 1025/1025 966/966 1026/1026
f 968/968 1026/1026 966/966
f 1026/1026 968/968 1027/1027
f 1028/1028 1027/1027 968/968
f 1027/1027 1028/1028 1029/1029
f 1030/1030 606/606 602/602
f 606/606 1030/1030 964/964
f 618/618 964/964 1030/1030
f 964/964 618/618 1031/1031
f 620/620 1031/1031 618/618
f 1031/1031 620/620 962/962
f 1032/1032 962/962 620/620
f 962/962 1032/1032 960/960
f 622/622 960/960 1032/1032
f 960/960 622/622 1033/1033
f 1034/1034 1033/1033 622/622
f 1033/1033 1034/1034 958/958
f 1035/1035 958/958 1034/1034
f 958/958 1035/1035 956/956
f 616/616 437/437 439/439
f 437/437 616/616 1036/1036
f 1037/1037 1036/1036 616/616
f 1036/1036 1037/1037 892/892
f 1038/1038 892/892 1037/1037
f 892/892 1038/1038 894/894
f 953/953 894/894 1038/1038
f 894/894 953/953 1039/1039
f 955/955 1039/1039 953/953
f 1039/1039 955/955 1040/1040
f 1041/1041 1040/1040 955/955
f 1040/1040 1041/1041 897/897
f 1042/1042 897/897 1041/1041
f 897/897 1042/1042 899/899
f 924/924 1043/1043 920/920
f 1043/1043 924/924 1044/1044
f 1045/1045 1044/1044 924/924
f 1044/1044 1045/1045 627/627
f 1046/1046 627/627 1045/1045
f 627/627 1046/1046 625/625
f 927/927 625/625 1046/1046
f 625/625 927/927 1047/1047
f 929/929 1047/1047 927/927
f 1047/1047 929/929 1048/1048
f 1049/1049 1048/1048 929/929
f 1048/1048 1049/1049 633/633
f 484/484 633/633 1049/1049
f 633/633 484/484 486/486
f 1050/1050 648/648 635/635
f 648/648 1050/1050 951/951
f 633/633 951/951 1050/1050
f 951/951 633/633 1051/1051
f 488/488 1051/1051 633/633
f 1051/1051 488/488 949/949
f 1052/1052 949/949 488/488
f 949/949 1052/1052 947/947
f 490/490 947/947 1052/1052
f 947/947 490/490 1053/1053
f 1054/1054 1053/1053 490/490
f 1053/1053 1054/1054 945/945
f 1055/1055 945/945 1054/1054
f 945/945 1055/1055 943/943
f 78/78 985/985 76/76
f 985/985 78/78 1056/1056
f 80/80 1056/1056 78/78
f 1056/1056 80/80 1057/1057
f 1058/1058 1057/1057 80/80
f 1057/1057 1058/1058 981/981
f 1059/1059 981/981 1058/1058
f 981/981 1059/1059 978/978
f 1060/1060 978/978 1059/1059
f 978/978 1060/1060 1061/1061
f 1062/1062 1061/1061 1060/1060
f 1061/1061 1062/1062 1063/1063
f 1064/1064 1063/1063 1062/1062
f 572/572 575/575 574/574
f 575/575 572/572 1065/1065
f 1066/1066 1065/1065 572/572
f 1065/1065 1066/1066 1067/1067
f 820/820 1067/1067 1066/1066
f 1067/1067 820/820 1068/1068
f 822/822 1068/1068 820/820
f 1068/1068 822/822 1069/1069
f 824/824 1069/1069 822/822
f 1069/1069 824/824 1070/1070
f 1071/1071 1070/1070 824/824
f 1070/1070 1071/1071 594/594
f 580/580 594/594 1071/1071
f 1072/1072 1073/1073 1074/1074
f 1073/1073 1072/1072 1075/1075
f 1076/1076 1075/1075 1072/1072
f 1075/1075 1076/1076 1077/1077
f 1078/1078 1077/1077 1076/1076
f 1077/1077 1078/1078 1073/1073
f 1079/1079 1073/1073 1078/1078
f 1073/1073 1079/1079 1074/1074
f 1080/1080 1074/1074 1079/1079
f 1074/1074 1080/1080 1072/1072
f 1081/1081 1072/1072 1080/1080
f 1072/1072 1081/1081 1082/1082
f 1083/1083 1084/1084 1085/1085
f 1084/1084 1083/1083 1086/1086
f 1087/1087 1086/1086 1083/1083
f 1086/1086 1087/1087 1088/1088
f 1089/1089 1088/1088 1087/1087
f 1088/1088 1089/1089 1090/1090
f 1091/1091 1090/1090 1089/1089
f 1090/1090 1091/1091 1092/1092
f 1093/1093 1092/1092 1091/1091
f 1092/1092 1093/1093 1083/1083
f 1089/1089 1083/1083 1093/1093
f 1083/1083 1089/1089 1087/1087
f 1094/1094 577/577 576/576
f 577/577 1094/1094 812/812
f 1095/1095 812/812 1094/1094
f 812/812 1095/1095 815/815
f 1096/1096 815/815 1095/1095
f 815/815 1096/1096 817/817
f 1097/1097 817/817 1096/1096
f 817/817 1097/1097 1098/1098
f 823/823 1098/1098 1097/1097
f 1098/1098 823/823 819/819
f 821/821 819/819 823/823
f 1065/1065 1099/1099 575/575
f 1099/1099 1065/1065 1100/1100
f 1067/1067 1100/1100 1065/1065
f 1100/1100 1067/1067 1101/1101
f 1068/1068 1101/1101 1067/1067
f 1101/1101 1068/1068 588/588
f 1102/1102 588/588 1068/1068
f 588/588 1102/1102 590/590
f 1069/1069 590/590 1102/1102
f 590/590 1069/1069 592/592
f 594/594 592/592 1069/1069
f 528/528 524/524 526/526
f 524/524 528/528 1103/1103
f 513/513 1103/1103 528/528
f 1103/1103 513/513 1104/1104
f 1105/1105 1104/1104 513/513
f 1104/1104 1105/1105 1106/1106
f 1107/1107 1106/1106 1105/1105
f 1106/1106 1107/1107 1108/1108
f 522/522 1108/1108 1107/1107
f 1108/1108 522/522 1104/1104
f 1103/1103 1104/1104 522/522
f 527/527 535/535 529/529
f 535/535 527/527 1109/1109
f 525/525 1109/1109 527/527
f 1109/1109 525/525 902/902
f 523/523 902/902 525/525
f 902/902 523/523 1110/1110
f 521/521 1110/1110 523/523
f 1110/1110 521/521 1111/1111
f 519/519 1111/1111 521/521
f 1111/1111 519/519 908/908
f 906/906 908/908 519/519
f 1023/1023 14/14 16/16
f 14/14 1023/1023 1112/1112
f 1025/1025 1112/1112 1023/1023
f 1112/1112 1025/1025 1113/1113
f 1027/1027 1113/1113 1025/1025
f 1113/1113 1027/1027 8/8
f 1114/1114 8/8 1027/1027
f 8/8 1114/1114 6/6
f 1029/1029 6/6 1114/1114
f 6/6 1029/1029 1115/1115
f 1116/1116 282/282 347/347
f 282/282 1116/1116 846/846
f 346/346 846/846 1116/1116
f 846/846 346/346 1117/1117
f 343/343 1117/1117 346/346
f 1117/1117 343/343 844/844
f 1118/1118 844/844 343/343
f 844/844 1118/1118 337/337
f 341/341 337/337 1118/1118
f 337/337 341/341 339/339
f 873/873 58/58 60/60
f 58/58 873/873 1119/1119
f 872/872 1119/1119 873/873
f 1119/1119 872/872 63/63
f 870/870 63/63 872/872
f 63/63 870/870 65/65
f 868/868 65/65 870/870
f 65/65 868/868 67/67
f 71/71 67/67 868/868
f 67/67 71/71 69/69
f 918/918 1120/1120 1121/1121
f 1120/1120 918/918 1122/1122
f 1123/1123 1122/1122 918/918
f 1122/1122 1123/1123 1124/1124
f 1125/1125 1124/1124 1123/1123
f 1124/1124 1125/1125 1126/1126
f 1127/1127 1126/1126 1125/1125
f 1126/1126 1127/1127 1128/1128
f 1123/1123 1128/1128 1127/1127
f 1128/1128 1123/1123 918/918
f 397/397 393/393 395/395
f 393/393 397/397 1129/1129
f 856/856 1129/1129 397/397
f 1129/1129 856/856 391/391
f 1130/1130 391/391 856/856
f 391/391 1130/1130 387/387
f 858/858 387/387 1130/1130
f 387/387 858/858 1131/1131
f 318/318 1131/1131 858/858
f 1131/1131 318/318 385/385
f 1132/1132 838/838 41/41
f 838/838 1132/1132 837/837
f 34/34 837/837 1132/1132
f 837/837 34/34 835/835
f 32/32 835/835 34/34
f 835/835 32/32 833/833
f 30/30 833/833 32/32
f 833/833 30/30 27/27
f 28/28 27/27 30/30
f 1133/1133 1058/1058 84/84
f 1058/1058 1133/1133 1060/1060
f 1134/1134 1060/1060 1133/1133
f 1060/1060 1134/1134 1062/1062
f 89/89 1062/1062 1134/1134
f 1062/1062 89/89 1135/1135
f 91/91 1135/1135 89/89
f 1135/1135 91/91 1136/1136
f 1137/1137 1136/1136 91/91
f 1138/1138 991/991 987/987
f 991/991 1138/1138 995/995
f 1139/1139 995/995 1138/1138
f 995/995 1139/1139 1140/1140
f 1001/1001 1140/1140 1139/1139
f 1140/1140 1001/1001 997/997
f 999/999 997/997 1001/1001
f 1141/1141 1004/1004 1006/1006
f 1004/1004 1141/1141 1142/1142
f 1018/1018 1142/1142 1141/1141
f 1142/1142 1018/1018 1143/1143
f 1016/1016 1143/1143 1018/1018
f 1143/1143 1016/1016 1012/1012
f 1014/1014 1012/1012 1016/1016
f 906/906 1144/1144 904/904
f 1144/1144 906/906 1145/1145
f 519/519 1145/1145 906/906
f 1145/1145 519/519 1146/1146
f 517/517 1146/1146 519/519
f 1146/1146 517/517 533/533
f 531/531 533/533 517/517
f 1147/1147 695/695 697/697
f 1147/1147 1148/1148 695/695
f 1147/1147 691/691 1148/1148
f 1147/1147 689/689 691/691
f 1147/1147 687/687 689/689
f 1147/1147 697/697 687/687
f 839/839 35/35 37/37
f 35/35 839/839 33/33
f 840/840 33/33 839/839
f 33/33 840/840 31/31
f 841/841 31/31 840/840
f 31/31 841/841 29/29
f 417/417 129/129 127/127
f 129/129 417/417 133/133
f 1149/1149 133/133 417/417
f 133/133 1149/1149 135/135
f 1150/1150 135/135 1149/1149
f 135/135 1150/1150 1151/1151
f 138/138 167/167 136/136
f 167/167 138/138 171/171
f 1152/1152 171/171 138/138
f 171/171 1152/1152 173/173
f 1153/1153 173/173 1152/1152
f 173/173 1153/1153 1154/1154
f 1155/1155 735/735 733/733
f 1155/1155 725/725 735/735
f 1155/1155 727/727 725/725
f 1155/1155 729/729 727/727
f 1155/1155 1156/1156 729/729
f 1155/1155 733/733 1156/1156
f 992/992 1157/1157 988/988
f 1157/1157 992/992 1158/1158
f 1159/1159 1158/1158 992/992
f 1158/1158 1159/1159 998/998
f 994/994 998/998 1159/1159
f 998/998 994/994 996/996
f 909/909 918/918 911/911
f 918/918 909/909 1160/1160
f 907/907 1160/1160 909/909
f 1160/1160 907/907 1124/1124
f 1161/1161 1124/1124 907/907
f 1124/1124 1161/1161 1122/1122
f 464/464 211/211 209/209
f 211/211 464/464 215/215
f 1162/1162 215/215 464/464
f 215/215 1162/1162 217/217
f 1163/1163 217/217 1162/1162
f 217/217 1163/1163 1164/1164
f 220/220 249/249 218/218
f 249/249 220/220 253/253
f 1165/1165 253/253 220/220
f 253/253 1165/1165 255/255
f 1166/1166 255/255 1165/1165
f 255/255 1166/1166 1167/1167
f 690/690 694/694 692/692
f 694/694 690/690 696/696
f 836/836 696/696 690/690
f 696/696 836/836 698/698
f 699/699 698/698 836/836
f 1132/1132 36/36 34/34
f 36/36 1132/1132 47/47
f 41/41 47/47 1132/1132
f 47/47 41/41 45/45
f 43/43 45/45 41/41
f 1168/1168 1113/1113 8/8
f 1168/1168 1112/1112 1113/1113
f 1168/1168 12/12 1112/1112
f 1168/1168 10/10 12/12
f 1168/1168 8/8 10/10
f 104/104 100/100 102/102
f 100/100 104/104 1169/1169
f 106/106 1169/1169 104/104
f 1169/1169 106/106 98/98
f 108/108 98/98 106/106
f 148/148 144/144 146/146
f 144/144 148/148 1170/1170
f 150/150 1170/1170 148/148
f 1170/1170 150/150 142/142
f 152/152 142/142 150/150
f 268/268 264/264 266/266
f 264/264 268/268 1171/1171
f 270/270 1171/1171 268/268
f 1171/1171 270/270 262/262
f 272/272 262/262 270/270
f 338/338 334/334 336/336
f 334/334 338/338 1172/1172
f 340/340 1172/1172 338/338
f 1172/1172 340/340 344/344
f 342/342 344/344 340/340
f 176/176 287/287 174/174
f 176/176 289/289 287/287
f 176/176 291/291 289/289
f 176/176 1173/1173 291/291
f 176/176 178/178 1173/1173
f 425/425 421/421 423/423
f 421/421 425/425 1174/1174
f 427/427 1174/1174 425/425
f 1174/1174 427/427 431/431
f 429/429 431/431 427/427
f 1175/1175 424/424 420/420
f 424/424 1175/1175 890/890
f 435/435 890/890 1175/1175
f 890/890 435/435 1036/1036
f 437/437 1036/1036 435/435
f 607/607 603/603 605/605
f 603/603 607/607 1176/1176
f 609/609 1176/1176 607/607
f 1176/1176 609/609 613/613
f 611/611 613/613 609/609
f 58/58 54/54 56/56
f 54/54 58/58 52/52
f 1119/1119 52/52 58/58
f 52/52 1119/1119 50/50
f 63/63 50/50 1119/1119
f 871/871 736/736 737/737
f 736/736 871/871 734/734
f 728/728 734/734 871/871
f 734/734 728/728 732/732
f 730/730 732/732 728/728
f 64/64 874/874 62/62
f 874/874 64/64 875/875
f 66/66 875/875 64/64
f 875/875 66/66 876/876
f 68/68 876/876 66/66
f 1177/1177 89/89 1134/1134
f 1177/1177 87/87 89/89
f 1177/1177 85/85 87/87
f 1177/1177 1133/1133 85/85
f 1177/1177 1134/1134 1133/1133
f 1079/1079 1178/1178 1080/1080
f 1178/1178 1079/1079 1082/1082
f 1179/1179 1082/1082 1079/1079
f 1082/1082 1179/1179 1072/1072
f 1076/1076 1072/1072 1179/1179
f 827/827 1094/1094 829/829
f 827/827 1095/1095 1094/1094
f 827/827 1096/1096 1095/1095
f 827/827 1097/1097 1096/1096
f 827/827 825/825 1097/1097
f 814/814 1180/1180 570/570
f 1180/1180 814/814 1066/1066
f 816/816 1066/1066 814/814
f 1066/1066 816/816 820/820
f 818/818 820/820 816/816
f 573/573 1181/1181 571/571
f 573/573 1182/1182 1181/1181
f 573/573 559/559 1182/1182
f 573/573 557/557 559/559
f 573/573 555/555 557/557
f 1088/1088 1183/1183 1086/1086
f 1183/1183 1088/1088 1085/1085
f 1184/1184 1085/1085 1088/1088
f 1085/1085 1184/1184 1083/1083
f 1092/1092 1083/1083 1184/1184
f 1012/1012 1142/1142 1143/1143
f 1142/1142 1012/1012 1185/1185
f 1010/1010 1185/1185 1012/1012
f 1185/1185 1010/1010 1004/1004
f 1008/1008 1004/1004 1010/1010
f 1186/1186 1015/1015 1187/1187
f 1015/1015 1186/1186 1188/1188
f 1009/1009 1188/1188 1186/1186
f 1188/1188 1009/1009 1013/1013
f 1011/1011 1013/1013 1009/1009
f 587/587 600/600 585/585
f 587/587 598/598 600/600
f 587/587 1189/1189 598/598
f 587/587 1190/1190 1189/1189
f 587/587 589/589 1190/1190
f 901/901 1191/1191 905/905
f 1191/1191 901/901 1192/1192
f 903/903 1192/1192 901/901
f 1192/1192 903/903 1111/1111
f 1110/1110 1111/1111 903/903
f 535/535 1146/1146 533/533
f 1146/1146 535/535 1145/1145
f 1109/1109 1145/1145 535/535
f 1145/1145 1109/1109 1144/1144
f 902/902 1144/1144 1109/1109
f 180/180 188/188 190/190
f 188/188 180/180 1193/1193
f 182/182 1193/1193 180/180
f 1193/1193 182/182 186/186
f 184/184 186/186 182/182
f 224/224 232/232 234/234
f 232/232 224/224 1194/1194
f 226/226 1194/1194 224/224
f 1194/1194 226/226 230/230
f 228/228 230/230 226/226
f 298/298 306/306 308/308
f 306/306 298/298 1195/1195
f 300/300 1195/1195 298/298
f 1195/1195 300/300 304/304
f 302/302 304/304 300/300
f 931/931 929/929 930/930
f 929/929 931/931 1049/1049
f 482/482 1049/1049 931/931
f 1049/1049 482/482 484/484
f 483/483 484/484 482/482
f 478/478 474/474 476/476
f 474/474 478/478 1196/1196
f 468/468 1196/1196 478/478
f 1196/1196 468/468 472/472
f 470/470 472/472 468/468
f 647/647 639/639 649/649
f 639/639 647/647 1197/1197
f 645/645 1197/1197 647/647
f 1197/1197 645/645 641/641
f 643/643 641/641 645/645
f 396/396 388/388 398/398
f 388/388 396/396 1198/1198
f 394/394 1198/1198 396/396
f 1198/1198 394/394 390/390
f 392/392 390/390 394/394
f 258/258 323/323 256/256
f 258/258 325/325 323/323
f 258/258 327/327 325/325
f 258/258 1199/1199 327/327
f 258/258 260/260 1199/1199
f 46/46 38/38 48/48
f 38/38 46/46 1200/1200
f 44/44 1200/1200 46/46
f 1200/1200 44/44 42/42
f 18/18 1023/1023 16/16
f 18/18 1022/1022 1023/1023
f 18/18 1021/1021 1022/1022
f 18/18 20/20 1021/1021
f 116/116 494/494 114/114
f 494/494 116/116 155/155
f 120/120 155/155 116/116
f 155/155 120/120 122/122
f 506/506 410/410 504/504
f 410/410 506/506 411/411
f 413/413 411/411 506/506
f 411/411 413/413 412/412
f 159/159 761/761 157/157
f 761/761 159/159 275/275
f 161/161 275/275 159/159
f 275/275 161/161 162/162
f 279/279 772/772 277/277
f 772/772 279/279 846/846
f 281/281 846/846 279/279
f 846/846 281/281 282/282
f 284/284 879/879 878/878
f 879/879 284/284 1201/1201
f 286/286 1201/1201 284/284
f 1201/1201 286/286 288/288
f 296/296 438/438 294/294
f 438/438 296/296 440/440
f 1202/1202 440/440 296/296
f 440/440 1202/1202 444/444
f 657/657 766/766 655/655
f 766/766 657/657 764/764
f 659/659 764/764 657/657
f 764/764 659/659 660/660
f 767/767 769/769 768/768
f 767/767 703/703 769/769
f 767/767 701/701 703/703
f 767/767 705/705 701/701
f 710/710 781/781 708/708
f 781/781 710/710 777/777
f 714/714 777/777 710/710
f 777/777 714/714 715/715
f 782/782 784/784 783/783
f 782/782 854/854 784/784
f 782/782 852/852 854/854
f 782/782 780/780 852/852
f 849/849 359/359 361/361
f 359/359 849/849 355/355
f 847/847 355/355 849/849
f 355/355 847/847 353/353
f 360/360 364/364 362/362
f 360/360 888/888 364/364
f 360/360 886/886 888/888
f 360/360 358/358 886/886
f 1037/1037 953/953 1038/1038
f 1037/1037 957/957 953/953
f 1037/1037 959/959 957/957
f 1037/1037 616/616 959/959
f 51/51 53/53 49/49
f 53/53 51/51 1203/1203
f 57/57 1203/1203 51/51
f 1203/1203 57/57 55/55
f 983/983 1057/1057 981/981
f 983/983 1056/1056 1057/1057
f 983/983 985/985 1056/1056
f 983/983 984/984 985/985
f 1204/1204 1003/1003 1001/1001
f 1003/1003 1204/1204 987/987
f 1139/1139 987/987 1204/1204
f 987/987 1139/1139 1138/1138
f 912/912 1205/1205 910/910
f 1205/1205 912/912 1121/1121
f 916/916 1121/1121 912/912
f 1121/1121 916/916 918/918
f 828/828 1071/1071 826/826
f 828/828 578/578 1071/1071
f 828/828 582/582 578/578
f 828/828 830/830 582/582
f 584/584 588/588 586/586
f 588/588 584/584 1101/1101
f 1206/1206 1101/1101 584/584
f 1101/1101 1206/1206 1100/1100
f 673/673 790/790 671/671
f 790/790 673/673 792/792
f 675/675 792/792 673/673
f 792/792 675/675 676/676
f 789/789 786/786 788/788
f 789/789 742/742 786/786
f 789/789 740/740 742/742
f 789/789 744/744 740/740
f 749/749 801/801 747/747
f 801/801 749/749 805/805
f 753/753 805/805 749/749
f 805/805 753/753 754/754
f 800/800 797/797 799/799
f 800/800 866/866 797/797
f 800/800 864/864 866/866
f 800/800 802/802 864/864
f 861/861 372/372 370/370
f 372/372 861/861 376/376
f 859/859 376/376 861/861
f 376/376 859/859 378/378
f 371/371 367/367 369/369
f 371/371 935/935 367/367
f 371/371 933/933 935/935
f 371/371 373/373 933/933
f 1048/1048 625/625 1047/1047
f 1048/1048 629/629 625/625
f 1048/1048 631/631 629/629
f 1048/1048 633/633 631/631
f 198/198 537/537 196/196
f 537/537 198/198 237/237
f 202/202 237/237 198/198
f 237/237 202/202 204/204
f 549/549 457/457 547/547
f 457/457 549/549 458/458
f 460/460 458/458 549/549
f 458/458 460/460 459/459
f 241/241 795/795 239/239
f 795/795 241/241 311/311
f 243/243 311/311 241/241
f 311/311 243/243 244/244
f 315/315 810/810 313/313
f 810/810 315/315 858/858
f 317/317 858/858 315/315
f 858/858 317/317 318/318
f 320/320 940/940 941/941
f 940/940 320/320 1207/1207
f 322/322 1207/1207 320/320
f 1207/1207 322/322 324/324
f 1208/1208 471/471 467/467
f 1208/1208 931/931 471/471
f 1208/1208 482/482 931/931
f 1208/1208 467/467 482/482
f 332/332 485/485 330/330
f 485/485 332/332 487/487
f 1209/1209 487/487 332/332
f 487/487 1209/1209 491/491
f 834/834 699/699 836/836
f 699/699 834/834 700/700
f 832/832 700/700 834/834
f 39/39 839/839 37/37
f 839/839 39/39 838/838
f 41/41 838/838 39/39
f 881/881 896/896 883/883
f 896/896 881/881 288/288
f 880/880 288/288 881/881
f 1040/1040 894/894 1039/1039
f 894/894 1040/1040 895/895
f 897/897 895/895 1040/1040
f 874/874 61/61 62/62
f 61/61 874/874 60/60
f 873/873 60/60 874/874
f 869/869 738/738 867/867
f 738/738 869/869 737/737
f 871/871 737/737 869/869
f 739/739 877/877 81/81
f 877/877 739/739 722/722
f 723/723 722/722 739/739
f 1210/1210 1094/1094 576/576
f 1094/1094 1210/1210 829/829
f 831/831 829/829 1210/1210
f 1107/1107 520/520 522/522
f 520/520 1107/1107 513/513
f 1105/1105 513/513 1107/1107
f 515/515 528/528 517/517
f 528/528 515/515 513/513
f 511/511 513/513 515/515
f 1126/1126 1160/1160 1124/1124
f 1160/1160 1126/1126 918/918
f 1128/1128 918/918 1126/1126
f 938/938 925/925 923/923
f 925/925 938/938 324/324
f 939/939 324/324 938/938
f 1045/1045 927/927 1046/1046
f 927/927 1045/1045 926/926
f 924/924 926/926 1045/1045
f 42/42 38/38 1200/1200
f 38/38 42/42 40/40
f 1148/1148 693/693 695/695
f 693/693 1148/1148 691/691
f 842/842 684/684 17/17
f 684/684 842/842 682/682
f 966/966 971/971 970/970
f 971/971 966/966 1024/1024
f 2/2 6/6 1115/1115
f 6/6 2/2 4/4
f 408/408 406/406 500/500
f 406/406 408/408 407/407
f 503/503 501/501 652/652
f 501/501 503/503 502/502
f 400/400 101/101 493/493
f 101/101 400/400 399/399
f 413/413 508/508 415/415
f 508/508 413/413 506/506
f 139/139 135/135 1151/1151
f 135/135 139/139 137/137
f 177/177 173/173 1154/1154
f 173/173 177/177 175/175
f 441/441 616/616 439/439
f 616/616 441/441 617/617
f 623/623 443/443 445/445
f 443/443 623/623 621/621
f 419/419 1149/1149 417/417
f 1149/1149 419/419 1150/1150
f 140/140 1152/1152 138/138
f 1152/1152 140/140 1153/1153
f 402/402 404/404 403/403
f 404/404 402/402 496/496
f 497/497 499/499 498/498
f 499/499 497/497 656/656
f 153/153 155/155 154/154
f 155/155 153/153 661/661
f 711/711 707/707 763/763
f 707/707 711/711 709/709
f 147/147 151/151 149/149
f 151/151 147/147 665/665
f 273/273 275/275 274/274
f 275/275 273/273 716/716
f 775/775 778/778 776/776
f 778/778 775/775 850/850
f 267/267 271/271 269/269
f 271/271 267/267 720/720
f 844/844 846/846 1117/1117
f 846/846 844/844 845/845
f 352/352 356/356 354/354
f 356/356 352/352 882/882
f 890/890 892/892 891/891
f 892/892 890/890 1036/1036
f 612/612 615/615 614/614
f 615/615 612/612 963/963
f 731/731 1156/1156 733/733
f 1156/1156 731/731 729/729
f 82/82 1058/1058 80/80
f 1058/1058 82/82 84/84
f 978/978 1063/1063 979/979
f 1063/1063 978/978 1061/1061
f 1062/1062 1136/1136 1064/1064
f 1136/1136 1062/1062 1135/1135
f 91/91 95/95 1137/1137
f 95/95 91/91 93/93
f 1076/1076 1079/1079 1078/1078
f 1079/1079 1076/1076 1179/1179
f 998/998 1211/1211 1158/1158
f 1211/1211 998/998 1000/1000
f 572/572 1180/1180 1066/1066
f 1180/1180 572/572 570/570
f 568/568 814/814 570/570
f 814/814 568/568 566/566
f 1111/1111 910/910 1192/1192
f 910/910 1111/1111 908/908
f 1088/1088 1092/1092 1184/1184
f 1092/1092 1088/1088 1090/1090
f 1006/1006 1018/1018 1141/1141
f 1018/1018 1006/1006 1020/1020
f 1019/1019 1015/1015 1017/1017
f 1015/1015 1019/1019 1187/1187
f 1212/1212 1009/1009 1186/1186
f 1009/1009 1212/1212 1007/1007
f 449/449 451/451 450/450
f 451/451 449/449 539/539
f 540/540 542/542 541/541
f 542/542 540/540 672/672
f 235/235 237/237 236/236
f 237/237 235/235 677/677
f 750/750 746/746 793/793
f 746/746 750/750 748/748
f 229/229 233/233 231/231
f 233/233 229/229 681/681
f 309/309 311/311 310/310
f 311/311 309/309 755/755
f 807/807 804/804 806/806
f 804/804 807/807 862/862
f 303/303 307/307 305/305
f 307/307 303/303 759/759
f 856/856 858/858 1130/1130
f 858/858 856/856 857/857
f 379/379 375/375 377/377
f 375/375 379/379 937/937
f 947/947 945/945 946/946
f 945/945 947/947 1053/1053
f 455/455 453/453 543/543
f 453/453 455/455 454/454
f 546/546 544/544 668/668
f 544/544 546/546 545/545
f 447/447 183/183 536/536
f 183/183 447/447 446/446
f 460/460 551/551 462/462
f 551/551 460/460 549/549
f 221/221 217/217 1164/1164
f 217/217 221/221 219/219
f 259/259 255/255 1167/1167
f 255/255 259/259 257/257
f 949/949 951/951 1051/1051
f 951/951 949/949 950/950
f 466/466 1162/1162 464/464
f 1162/1162 466/466 1163/1163
f 222/222 1165/1165 220/220
f 1165/1165 222/222 1166/1166
f 27/27 25/25 833/833
f 13/13 29/29 15/15
f 973/973 975/975 974/974
f 972/972 5/5 1/1
f 969/969 1/1 3/3
f 1027/1027 1025/1025 1026/1026
f 1114/1114 1027/1027 1029/1029
f 976/976 11/11 9/9
f 22/22 24/24 975/975
f 5/5 9/9 7/7
f 1112/1112 12/12 14/14
f 100/100 1169/1169 98/98
f 113/113 111/111 405/405
f 114/114 99/99 112/112
f 115/115 113/113 117/117
f 119/119 117/117 409/409
f 144/144 1170/1170 142/142
f 123/123 121/121 125/125
f 157/157 143/143 156/156
f 158/158 122/122 124/124
f 127/127 125/125 414/414
f 416/416 415/415 418/418
f 664/664 145/145 760/760
f 128/128 124/124 126/126
f 264/264 1171/1171 262/262
f 163/163 130/130 132/132
f 277/277 263/263 276/276
f 278/278 162/162 164/164
f 136/136 132/132 134/134
f 719/719 265/265 771/771
f 166/166 164/164 165/165
f 345/345 343/343 346/346
f 283/283 168/168 170/170
f 1172/1172 344/344 334/334
f 347/347 346/346 1116/1116
f 174/174 170/170 172/172
f 286/286 284/284 285/285
f 434/434 288/288 290/290
f 293/293 291/291 1173/1173
f 1175/1175 420/420 435/435
f 294/294 290/290 292/292
f 437/437 435/435 436/436
f 442/442 440/440 444/444
f 1030/1030 602/602 618/618
f 965/965 606/606 964/964
f 620/620 618/618 619/619
f 120/120 116/116 118/118
f 160/160 161/161 159/159
f 131/131 129/129 133/133
f 281/281 279/279 280/280
f 169/169 167/167 171/171
f 288/288 879/879 1201/1201
f 110/110 109/109 111/111
f 651/651 653/653 770/770
f 109/109 107/107 401/401
f 654/654 655/655 653/653
f 105/105 103/103 107/107
f 702/702 704/704 785/785
f 660/660 662/662 762/762
f 706/706 708/708 704/704
f 663/663 664/664 662/662
f 853/853 363/363 365/365
f 715/715 717/717 774/774
f 851/851 361/361 363/363
f 718/718 719/719 717/717
f 343/343 341/341 1118/1118
f 887/887 885/885 900/900
f 353/353 349/349 351/351
f 884/884 883/883 885/885
f 843/843 333/333 349/349
f 898/898 897/897 899/899
f 1174/1174 431/431 421/421
f 288/288 433/433 893/893
f 432/432 430/430 433/433
f 430/430 428/428 889/889
f 1176/1176 613/613 603/603
f 958/958 960/960 1033/1033
f 961/961 962/962 960/960
f 1034/1034 622/622 624/624
f 962/962 964/964 1031/1031
f 1032/1032 620/620 622/622
f 494/494 155/155 495/495
f 761/761 275/275 713/713
f 772/772 846/846 773/773
f 710/710 712/712 714/714
f 657/657 658/658 659/659
f 781/781 777/777 779/779
f 766/766 764/764 765/765
f 849/849 848/848 847/847
f 359/359 355/355 357/357
f 53/53 1203/1203 55/55
f 51/51 59/59 57/57
f 738/738 77/77 75/75
f 73/73 71/71 868/868
f 68/68 70/70 83/83
f 92/92 982/982 94/94
f 94/94 977/977 96/96
f 981/981 978/978 980/980
f 1058/1058 1060/1060 1059/1059
f 86/86 986/986 88/88
f 74/74 76/76 985/985
f 88/88 92/92 90/90
f 85/85 1133/1133 84/84
f 1213/1213 1214/1214 1215/1215
f 1216/1216 1213/1213 1217/1217
f 1073/1073 1075/1075 1077/1077
f 992/992 988/988 990/990
f 993/993 991/991 995/995
f 1159/1159 992/992 994/994
f 1140/1140 997/997 995/995
f 1204/1204 1001/1001 1139/1139
f 989/989 1003/1003 987/987
f 571/571 1181/1181 569/569
f 813/813 812/812 815/815
f 819/819 817/817 1098/1098
f 522/522 524/524 1103/1103
f 1108/1108 1104/1104 1106/1106
f 916/916 912/912 914/914
f 913/913 917/917 915/915
f 1089/1089 1093/1093 1091/1091
f 1004/1004 1142/1142 1185/1185
f 1015/1015 1188/1188 1013/1013
f 824/824 826/826 1071/1071
f 1068/1068 1069/1069 1102/1102
f 1069/1069 1070/1070 594/594
f 1190/1190 589/589 591/591
f 578/578 580/580 1071/1071
f 825/825 823/823 1097/1097
f 517/517 519/519 518/518
f 530/530 534/534 532/532
f 516/516 512/512 514/514
f 1125/1125 1123/1123 1127/1127
f 192/192 191/191 193/193
f 667/667 669/669 787/787
f 191/191 189/189 448/448
f 670/670 671/671 669/669
f 187/187 185/185 189/189
f 186/186 188/188 1193/1193
f 741/741 743/743 798/798
f 676/676 678/678 794/794
f 745/745 747/747 743/743
f 679/679 680/680 678/678
f 230/230 232/232 1194/1194
f 865/865 366/366 368/368
f 754/754 756/756 808/808
f 863/863 370/370 366/366
f 757/757 758/758 756/756
f 304/304 306/306 1195/1195
f 391/391 393/393 1129/1129
f 934/934 919/919 921/921
f 378/378 382/382 380/380
f 936/936 923/923 919/919
f 855/855 384/384 382/382
f 922/922 924/924 920/920
f 324/324 480/480 928/928
f 479/479 477/477 480/480
f 477/477 475/475 932/932
f 1050/1050 635/635 633/633
f 630/630 632/632 944/944
f 634/634 636/636 632/632
f 1197/1197 641/641 639/639
f 636/636 638/638 948/948
f 537/537 237/237 538/538
f 795/795 311/311 752/752
f 810/810 858/858 809/809
f 749/749 751/751 753/753
f 673/673 674/674 675/675
f 801/801 805/805 803/803
f 790/790 792/792 791/791
f 861/861 860/860 859/859
f 372/372 376/376 374/374
f 195/195 193/193 452/452
f 196/196 181/181 194/194
f 197/197 195/195 199/199
f 201/201 199/199 456/456
f 205/205 203/203 207/207
f 239/239 225/225 238/238
f 240/240 204/204 206/206
f 209/209 207/207 461/461
f 463/463 462/462 465/465
f 680/680 227/227 796/796
f 210/210 206/206 208/208
f 245/245 212/212 214/214
f 313/313 299/299 312/312
f 314/314 244/244 246/246
f 218/218 214/214 216/216
f 758/758 301/301 811/811
f 248/248 246/246 247/247
f 389/389 391/391 387/387
f 319/319 250/250 252/252
f 1198/1198 390/390 388/388
f 385/385 387/387 1131/1131
f 256/256 252/252 254/254
f 322/322 320/320 321/321
f 481/481 324/324 326/326
f 329/329 327/327 1199/1199
f 330/330 326/326 328/328
f 472/472 474/474 1196/1196
f 488/488 633/633 486/486
f 489/489 487/487 491/491
f 642/642 644/644 952/952
f 1052/1052 488/488 490/490
f 640/640 642/642 638/638
f 1054/1054 490/490 492/492
f 202/202 198/198 200/200
f 242/242 243/243 241/241
f 213/213 211/211 215/215
f 317/317 315/315 316/316
f 251/251 249/249 253/253
f 324/324 940/940 1207/1207

g Object_0_zerg_drone_2_dark.bmp

usemtl zerg_drone_2_dark.bmp

f 1218/1218 1219/1219 1220/1220
f 1219/1219 1218/1218 1221/1221
f 1222/1222 1221/1221 1218/1218
f 1221/1221 1222/1222 1223/1223
f 1224/1224 1223/1223 1222/1222
f 1223/1223 1224/1224 1225/1225
f 1226/1226 1225/1225 1224/1224
f 1225/1225 1226/1226 1227/1227
f 1228/1228 1227/1227 1226/1226
f 1227/1227 1228/1228 1229/1229
f 1230/1230 1229/1229 1228/1228
f 1229/1229 1230/1230 1231/1231
f 1232/1232 1231/1231 1230/1230
f 1231/1231 1232/1232 1233/1233
f 1234/1234 1233/1233 1232/1232
f 1233/1233 1234/1234 1235/1235
f 1236/1236 1235/1235 1234/1234
f 1235/1235 1236/1236 1237/1237
f 1238/1238 1237/1237 1236/1236
f 1237/1237 1238/1238 1239/1239
f 1240/1240 1239/1239 1238/1238
f 1239/1239 1240/1240 1241/1241
f 1242/1242 1241/1241 1240/1240
f 1241/1241 1242/1242 1243/1243
f 1244/1244 1243/1243 1242/1242
f 1243/1243 1244/1244 1245/1245
f 1246/1246 1245/1245 1244/1244
f 1245/1245 1246/1246 1247/1247
f 1248/1248 1247/1247 1246/1246
f 1247/1247 1248/1248 1249/1249
f 1250/1250 1249/1249 1248/1248
f 1251/1251 1252/1252 1253/1253
f 1252/1252 1251/1251 1254/1254
f 1255/1255 1254/1254 1251/1251
f 1254/1254 1255/1255 1256/1256
f 1257/1257 1256/1256 1255/1255
f 1256/1256 1257/1257 1258/1258
f 1259/1259 1258/1258 1257/1257
f 1258/1258 1259/1259 1260/1260
f 1261/1261 1260/1260 1259/1259
f 1260/1260 1261/1261 1262/1262
f 1263/1263 1262/1262 1261/1261
f 1262/1262 1263/1263 1264/1264
f 1265/1265 1264/1264 1263/1263
f 1264/1264 1265/1265 1266/1266
f 1267/1267 1266/1266 1265/1265
f 1266/1266 1267/1267 1268/1268
f 1269/1269 1268/1268 1267/1267
f 1268/1268 1269/1269 1270/1270
f 1271/1271 1270/1270 1269/1269
f 1270/1270 1271/1271 1272/1272
f 1273/1273 1272/1272 1271/1271
f 1272/1272 1273/1273 1274/1274
f 1275/1275 1274/1274 1273/1273
f 1274/1274 1275/1275 1276/1276
f 1277/1277 1276/1276 1275/1275
f 1276/1276 1277/1277 1249/1249
f 1247/1247 1249/1249 1277/1277
f 1278/1278 1279/1279 1280/1280
f 1279/1279 1278/1278 1281/1281
f 1282/1282 1281/1281 1278/1278
f 1281/1281 1282/1282 1283/1283
f 1284/1284 1283/1283 1282/1282
f 1283/1283 1284/1284 1285/1285
f 1286/1286 1285/1285 1284/1284
f 1285/1285 1286/1286 1287/1287
f 1288/1288 1287/1287 1286/1286
f 1287/1287 1288/1288 1289/1289
f 1290/1290 1289/1289 1288/1288
f 1289/1289 1290/1290 1291/1291
f 1292/1292 1291/1291 1290/1290
f 1291/1291 1292/1292 1293/1293
f 1288/1288 1293/1293 1292/1292
f 1293/1293 1288/1288 1294/1294
f 1286/1286 1294/1294 1288/1288
f 1294/1294 1286/1286 1295/1295
f 1296/1296 1295/1295 1286/1286
f 1295/1295 1296/1296 1297/1297
f 1293/1293 1297/1297 1296/1296
f 1297/1297 1293/1293 1294/1294
f 1298/1298 1299/1299 1300/1300
f 1299/1299 1298/1298 1301/1301
f 1300/1300 1301/1301 1298/1298
f 1301/1301 1300/1300 1302/1302
f 1303/1303 1302/1302 1300/1300
f 1302/1302 1303/1303 1304/1304
f 1305/1305 1304/1304 1303/1303
f 1304/1304 1305/1305 1306/1306
f 1303/1303 1306/1306 1305/1305
f 1306/1306 1303/1303 1307/1307
f 1308/1308 1307/1307 1303/1303
f 1307/1307 1308/1308 1309/1309
f 1310/1310 1309/1309 1308/1308
f 1309/1309 1310/1310 1311/1311
f 1312/1312 1311/1311 1310/1310
f 1311/1311 1312/1312 1313/1313
f 1314/1314 1313/1313 1312/1312
f 1313/1313 1314/1314 1315/1315
f 1316/1316 1317/1317 1318/1318
f 1317/1317 1316/1316 1319/1319
f 1318/1318 1319/1319 1316/1316
f 1319/1319 1318/1318 1320/1320
f 1321/1321 1320/1320 1318/1318
f 1320/1320 1321/1321 1322/1322
f 1323/1323 1322/1322 1321/1321
f 1322/1322 1323/1323 1324/1324
f 1321/1321 1324/1324 1323/1323
f 1324/1324 1321/1321 1325/1325
f 1326/1326 1325/1325 1321/1321
f 1325/1325 1326/1326 1327/1327
f 1328/1328 1327/1327 1326/1326
f 1327/1327 1328/1328 1299/1299
f 1326/1326 1299/1299 1328/1328
f 1252/1252 1329/1329 1253/1253
f 1329/1329 1252/1252 1330/1330
f 1331/1331 1330/1330 1252/1252
f 1330/1330 1331/1331 1332/1332
f 1333/1333 1332/1332 1331/1331
f 1332/1332 1333/1333 1334/1334
f 1335/1335 1334/1334 1333/1333
f 1334/1334 1335/1335 1336/1336
f 1337/1337 1336/1336 1335/1335
f 1336/1336 1337/1337 1338/1338
f 1339/1339 1338/1338 1337/1337
f 1338/1338 1339/1339 1340/1340
f 1341/1341 1340/1340 1339/1339
f 1340/1340 1341/1341 1342/1342
f 1343/1343 1267/1267 1265/1265
f 1267/1267 1343/1343 1269/1269
f 1344/1344 1269/1269 1343/1343
f 1269/1269 1344/1344 1345/1345
f 1346/1346 1345/1345 1344/1344
f 1345/1345 1346/1346 1347/1347
f 1348/1348 1347/1347 1346/1346
f 1347/1347 1348/1348 1349/1349
f 1350/1350 1349/1349 1348/1348
f 1349/1349 1350/1350 1351/1351
f 1352/1352 1351/1351 1350/1350
f 1351/1351 1352/1352 1353/1353
f 1243/1243 1353/1353 1352/1352
f 1353/1353 1243/1243 1245/1245
f 1354/1354 1263/1263 1261/1261
f 1263/1263 1354/1354 1265/1265
f 1355/1355 1265/1265 1354/1354
f 1265/1265 1355/1355 1343/1343
f 1356/1356 1343/1343 1355/1355
f 1343/1343 1356/1356 1344/1344
f 1357/1357 1344/1344 1356/1356
f 1344/1344 1357/1357 1346/1346
f 1358/1358 1346/1346 1357/1357
f 1346/1346 1358/1358 1359/1359
f 1237/1237 1359/1359 1358/1358
f 1359/1359 1237/1237 1239/1239
f 1360/1360 1259/1259 1257/1257
f 1259/1259 1360/1360 1261/1261
f 1361/1361 1261/1261 1360/1360
f 1261/1261 1361/1361 1354/1354
f 1362/1362 1354/1354 1361/1361
f 1354/1354 1362/1362 1355/1355
f 1363/1363 1355/1355 1362/1362
f 1355/1355 1363/1363 1356/1356
f 1364/1364 1356/1356 1363/1363
f 1356/1356 1364/1364 1365/1365
f 1233/1233 1365/1365 1364/1364
f 1365/1365 1233/1233 1235/1235
f 1366/1366 1251/1251 1253/1253
f 1251/1251 1366/1366 1367/1367
f 1368/1368 1367/1367 1366/1366
f 1367/1367 1368/1368 1369/1369
f 1370/1370 1369/1369 1368/1368
f 1369/1369 1370/1370 1340/1340
f 1371/1371 1340/1340 1370/1370
f 1340/1340 1371/1371 1338/1338
f 1368/1368 1338/1338 1371/1371
f 1338/1338 1368/1368 1372/1372
f 1373/1373 1372/1372 1368/1368
f 1372/1372 1373/1373 1374/1374
f 1375/1375 1376/1376 1377/1377
f 1375/1375 1378/1378 1376/1376
f 1375/1375 1379/1379 1378/1378
f 1375/1375 1380/1380 1379/1379
f 1375/1375 1381/1381 1380/1380
f 1375/1375 1382/1382 1381/1381
f 1375/1375 1383/1383 1382/1382
f 1375/1375 1384/1384 1383/1383
f 1375/1375 1385/1385 1384/1384
f 1375/1375 1377/1377 1385/1385
f 1386/1386 1387/1387 1388/1388
f 1386/1386 1389/1389 1387/1387
f 1386/1386 1384/1384 1389/1389
f 1386/1386 1390/1390 1384/1384
f 1386/1386 1391/1391 1390/1390
f 1386/1386 1392/1392 1391/1391
f 1386/1386 1393/1393 1392/1392
f 1386/1386 1248/1248 1393/1393
f 1386/1386 1250/1250 1248/1248
f 1386/1386 1388/1388 1250/1250
f 1394/1394 1395/1395 1396/1396
f 1395/1395 1394/1394 1397/1397
f 1398/1398 1397/1397 1394/1394
f 1397/1397 1398/1398 1221/1221
f 1399/1399 1221/1221 1398/1398
f 1221/1221 1399/1399 1400/1400
f 1340/1340 1400/1400 1399/1399
f 1400/1400 1340/1340 1401/1401
f 1342/1342 1401/1401 1340/1340
f 1283/1283 1402/1402 1281/1281
f 1402/1402 1283/1283 1403/1403
f 1285/1285 1403/1403 1283/1283
f 1403/1403 1285/1285 1404/1404
f 1287/1287 1404/1404 1285/1285
f 1404/1404 1287/1287 1405/1405
f 1289/1289 1405/1405 1287/1287
f 1405/1405 1289/1289 1278/1278
f 1282/1282 1278/1278 1289/1289
f 1322/1322 1319/1319 1320/1320
f 1319/1319 1322/1322 1406/1406
f 1407/1407 1406/1406 1322/1322
f 1406/1406 1407/1407 1319/1319
f 1408/1408 1319/1319 1407/1407
f 1319/1319 1408/1408 1317/1317
f 1409/1409 1317/1317 1408/1408
f 1317/1317 1409/1409 1410/1410
f 1411/1411 1410/1410 1409/1409
f 1412/1412 1255/1255 1251/1251
f 1255/1255 1412/1412 1257/1257
f 1413/1413 1257/1257 1412/1412
f 1257/1257 1413/1413 1360/1360
f 1414/1414 1360/1360 1413/1413
f 1360/1360 1414/1414 1361/1361
f 1415/1415 1361/1361 1414/1414
f 1361/1361 1415/1415 1362/1362
f 1416/1416 1299/1299 1301/1301
f 1299/1299 1416/1416 1327/1327
f 1417/1417 1327/1327 1416/1416
f 1327/1327 1417/1417 1418/1418
f 1324/1324 1418/1418 1417/1417
f 1418/1418 1324/1324 1327/1327
f 1325/1325 1327/1327 1324/1324
f 1345/1345 1271/1271 1269/1269
f 1271/1271 1345/1345 1273/1273
f 1347/1347 1273/1273 1345/1345
f 1273/1273 1347/1347 1275/1275
f 1349/1349 1275/1275 1347/1347
f 1275/1275 1349/1349 1419/1419
f 1351/1351 1419/1419 1349/1349
f 1420/1420 1231/1231 1233/1233
f 1231/1231 1420/1420 1229/1229
f 1421/1421 1229/1229 1420/1420
f 1229/1229 1421/1421 1422/1422
f 1423/1423 1422/1422 1421/1421
f 1422/1422 1423/1423 1395/1395
f 1396/1396 1395/1395 1423/1423
f 1335/1335 1424/1424 1337/1337
f 1335/1335 1425/1425 1424/1424
f 1335/1335 1426/1426 1425/1425
f 1335/1335 1379/1379 1426/1426
f 1335/1335 1427/1427 1379/1379
f 1335/1335 1428/1428 1427/1427
f 1335/1335 1333/1333 1428/1428
f 1309/1309 1306/1306 1307/1307
f 1306/1306 1309/1309 1429/1429
f 1311/1311 1429/1429 1309/1309
f 1429/1429 1311/1311 1430/1430
f 1313/1313 1430/1430 1311/1311
f 1430/1430 1313/1313 1431/1431
f 1315/1315 1431/1431 1313/1313
f 1432/1432 1412/1412 1251/1251
f 1432/1432 1433/1433 1412/1412
f 1432/1432 1434/1434 1433/1433
f 1432/1432 1435/1435 1434/1434
f 1432/1432 1367/1367 1435/1435
f 1432/1432 1251/1251 1367/1367
f 1280/1280 1405/1405 1278/1278
f 1405/1405 1280/1280 1404/1404
f 1436/1436 1404/1404 1280/1280
f 1404/1404 1436/1436 1403/1403
f 1437/1437 1403/1403 1436/1436
f 1403/1403 1437/1437 1402/1402
f 1438/1438 1359/1359 1241/1241
f 1438/1438 1346/1346 1359/1359
f 1438/1438 1348/1348 1346/1346
f 1438/1438 1352/1352 1348/1348
f 1438/1438 1243/1243 1352/1352
f 1438/1438 1241/1241 1243/1243
f 1439/1439 1218/1218 1220/1220
f 1218/1218 1439/1439 1440/1440
f 1441/1441 1440/1440 1439/1439
f 1440/1440 1441/1441 1424/1424
f 1337/1337 1424/1424 1441/1441
f 1421/1421 1442/1442 1423/1423
f 1442/1442 1421/1421 1443/1443
f 1420/1420 1443/1443 1421/1421
f 1443/1443 1420/1420 1364/1364
f 1233/1233 1364/1364 1420/1420
f 1399/1399 1444/1444 1369/1369
f 1444/1444 1399/1399 1445/1445
f 1398/1398 1445/1445 1399/1399
f 1445/1445 1398/1398 1446/1446
f 1394/1394 1446/1446 1398/1398
f 1247/1247 1447/1447 1448/1448
f 1447/1447 1247/1247 1449/1449
f 1277/1277 1449/1449 1247/1247
f 1449/1449 1277/1277 1419/1419
f 1275/1275 1419/1419 1277/1277
f 1304/1304 1301/1301 1302/1302
f 1301/1301 1304/1304 1450/1450
f 1417/1417 1450/1450 1304/1304
f 1450/1450 1417/1417 1301/1301
f 1416/1416 1301/1301 1417/1417
f 1408/1408 1411/1411 1409/1409
f 1411/1411 1408/1408 1451/1451
f 1407/1407 1451/1451 1408/1408
f 1451/1451 1407/1407 1452/1452
f 1453/1453 1366/1366 1253/1253
f 1366/1366 1453/1453 1368/1368
f 1454/1454 1368/1368 1453/1453
f 1368/1368 1454/1454 1373/1373
f 1334/1334 1374/1374 1332/1332
f 1334/1334 1372/1372 1374/1374
f 1334/1334 1338/1338 1372/1372
f 1334/1334 1336/1336 1338/1338
f 1422/1422 1227/1227 1229/1229
f 1227/1227 1422/1422 1225/1225
f 1395/1395 1225/1225 1422/1422
f 1225/1225 1395/1395 1397/1397
f 1291/1291 1284/1284 1289/1289
f 1291/1291 1286/1286 1284/1284
f 1291/1291 1296/1296 1286/1286
f 1291/1291 1293/1293 1296/1296
f 1455/1455 1308/1308 1303/1303
f 1308/1308 1455/1455 1300/1300
f 1303/1303 1300/1300 1455/1455
f 1456/1456 1326/1326 1321/1321
f 1326/1326 1456/1456 1318/1318
f 1321/1321 1318/1318 1456/1456
f 1413/1413 1457/1457 1414/1414
f 1457/1457 1413/1413 1433/1433
f 1412/1412 1433/1433 1413/1413
f 1358/1358 1365/1365 1237/1237
f 1365/1365 1358/1358 1356/1356
f 1357/1357 1356/1356 1358/1358
f 1458/1458 1337/1337 1441/1441
f 1337/1337 1458/1458 1339/1339
f 1341/1341 1339/1339 1458/1458
f 1310/1310 1314/1314 1312/1312
f 1314/1314 1310/1310 1308/1308
f 1459/1459 1272/1272 1460/1460
f 1272/1272 1459/1459 1270/1270
f 1268/1268 1461/1461 1266/1266
f 1461/1461 1268/1268 1462/1462
f 1463/1463 1264/1264 1464/1464
f 1264/1264 1463/1463 1262/1262
f 1465/1465 1260/1260 1466/1466
f 1260/1260 1465/1465 1258/1258
f 1467/1467 1256/1256 1468/1468
f 1256/1256 1467/1467 1254/1254
f 1469/1469 1388/1388 1470/1470
f 1388/1388 1469/1469 1250/1250
f 1389/1389 1471/1471 1387/1387
f 1471/1471 1389/1389 1472/1472
f 1377/1377 1473/1473 1385/1385
f 1473/1473 1377/1377 1474/1474
f 1378/1378 1475/1475 1376/1376
f 1475/1475 1378/1378 1476/1476
f 1428/1428 1477/1477 1427/1427
f 1477/1477 1428/1428 1478/1478
f 1367/1367 1479/1479 1435/1435
f 1479/1479 1367/1367 1369/1369
f 1240/1240 1480/1480 1481/1481
f 1480/1480 1240/1240 1238/1238
f 1482/1482 1236/1236 1234/1234
f 1236/1236 1482/1482 1483/1483
f 1232/1232 1484/1484 1485/1485
f 1484/1484 1232/1232 1230/1230
f 1228/1228 1486/1486 1487/1487
f 1486/1486 1228/1228 1226/1226
f 1224/1224 1488/1488 1489/1489
f 1488/1488 1224/1224 1222/1222
f 1392/1392 1490/1490 1491/1491
f 1490/1490 1392/1392 1393/1393
f 1492/1492 1390/1390 1391/1391
f 1390/1390 1492/1492 1493/1493
f 1494/1494 1382/1382 1383/1383
f 1382/1382 1494/1494 1495/1495
f 1496/1496 1380/1380 1381/1381
f 1380/1380 1496/1496 1497/1497
f 1498/1498 1425/1425 1426/1426
f 1425/1425 1498/1498 1499/1499
f 1397/1397 1223/1223 1225/1225
f 1223/1223 1397/1397 1221/1221
f 1219/1219 1400/1400 1401/1401
f 1400/1400 1219/1219 1221/1221
f 1245/1245 1448/1448 1353/1353
f 1448/1448 1245/1245 1247/1247
f 1431/1431 1429/1429 1430/1430
f 1429/1429 1431/1431 1306/1306
f 1378/1378 1379/1379 1427/1427
f 1389/1389 1384/1384 1385/1385
f 1368/1368 1371/1371 1370/1370
f 1288/1288 1292/1292 1290/1290
f 1297/1297 1294/1294 1295/1295
f 1241/1241 1359/1359 1239/1239
f 1237/1237 1365/1365 1235/1235
f 1364/1364 1363/1363 1443/1443
f 1379/1379 1380/1380 1426/1426
f 1384/1384 1390/1390 1383/1383
f 1248/1248 1246/1246 1393/1393
f 1348/1348 1352/1352 1350/1350
f 1369/1369 1340/1340 1399/1399
f 1289/1289 1284/1284 1282/1282
f 1452/1452 1411/1411 1451/1451
# num_faces: 2648
